Supplier_ID,Supplier_Name,Region,Country,Product_Category,Product_SKUs,Contract_Tier,Risk_Level,Certifications,Active_Disruptions,Alt_Supplier_ID,Latest_Audit_Date,Record_Count,Avg_Lead_Time_Days,Max_Lead_Time_Days,Avg_OTD_Rate_Pct,Min_OTD_Rate_Pct,Avg_Defect_Rate_Pct,Max_Defect_Rate_Pct,Avg_Compliance_Score,Min_Compliance_Score,Avg_Sustainability_Score,Min_Sustainability_Score,Total_PO_Value_USD,Avg_PO_Value_USD,Total_Units_Ordered,Total_Units_Delivered_On_Time,Total_Units_Rejected,Policy_OTD_Min,Policy_Defect_Max,Policy_Compliance_Min,Policy_Sustainability_Min,Meets_OTD_Requirement,Meets_Defect_Requirement,Meets_Compliance_Requirement,Meets_Sustainability_Requirement,Supplier_Watch_List_Flag,Needs_Sustainability_Improvement_Plan,High_Risk_With_Disruption
SUP-001,Orrentek Precision Mfg,APAC,China,Electronic Components,"SKU-EC-1001, SKU-EC-1017, SKU-EC-1033, SKU-EC-1049, SKU-EC-1065, SKU-EC-1081, SKU-EC-1097, SKU-EC-1113, SKU-EC-1129, SKU-EC-1145, SKU-EC-1161, SKU-EC-1177, SKU-EC-1193, SKU-EC-1209, SKU-EC-1225, SKU-EC-1241, SKU-EC-1257, SKU-EC-1273",Tier-1,Low,ISO9001;ISO14001;RoHS,"Political instability flag, Port congestion risk, Regulatory audit pending, Tariff adjustment pending",SUP-002,2024-07-10,18,26.72,41,95.68,88.3,0.87,1.73,86.28,80,81.22,70,939643.31,52202.41,136466,131520,1116,93.0,0.99,90,80,True,True,False,True,False,False,False
SUP-002,Zhenlong ElectroCo,APAC,China,Electronic Components,"SKU-EC-1002, SKU-EC-1018, SKU-EC-1034, SKU-EC-1050, SKU-EC-1066, SKU-EC-1082, SKU-EC-1098, SKU-EC-1114, SKU-EC-1130, SKU-EC-1146, SKU-EC-1162, SKU-EC-1178, SKU-EC-1194, SKU-EC-1210, SKU-EC-1226, SKU-EC-1242, SKU-EC-1258, SKU-EC-1274",Tier-2,Medium,ISO9001;RoHS,"Geopolitical tension flag, Labour strike risk, Port congestion risk, Regulatory audit pending, Seasonal flood risk, Tariff adjustment pending, Typhoon season disruption",SUP-023,2024-07-23,18,31.72,42,84.92,78.0,1.56,2.84,77.78,67,63.78,50,3923690.41,217982.8,653138,562488,10578,84.0,2.5,75,60,True,True,True,True,False,False,False
SUP-003,Wanlong Composites Ltd,APAC,China,Raw Materials,"SKU-RM-1001, SKU-RM-1022, SKU-RM-1043, SKU-RM-1064, SKU-RM-1085, SKU-RM-1106, SKU-RM-1127, SKU-RM-1148, SKU-RM-1169, SKU-RM-1190, SKU-RM-1211, SKU-RM-1232, SKU-RM-1253, SKU-RM-1274, SKU-RM-1295, SKU-RM-1316, SKU-RM-1337, SKU-RM-1358",Tier-2,Low,ISO9001,"Audit overdue; compliance review, Currency volatility flag, Port closure risk, Regulatory enforcement pending, Seasonal flood risk, Tariff adjustment pending",SUP-011,2024-09-22,18,26.11,39,88.0,80.1,1.79,2.96,79.72,67,70.39,50,6882034.93,382335.27,536511,470803,9556,84.0,2.5,75,60,True,True,True,True,False,False,False
SUP-004,Yangtze Fiber Materials,APAC,China,Industrial Textiles,"SKU-IT-1001, SKU-IT-1017, SKU-IT-1033, SKU-IT-1049, SKU-IT-1065, SKU-IT-1081, SKU-IT-1097, SKU-IT-1113, SKU-IT-1129, SKU-IT-1145, SKU-IT-1161, SKU-IT-1177, SKU-IT-1193, SKU-IT-1209, SKU-IT-1225, SKU-IT-1241, SKU-IT-1257, SKU-IT-1273",Tier-2,Medium,OEKO-TEX;ISO9001,"Audit overdue; compliance review, Currency volatility flag, Geopolitical tension flag, Regulatory audit pending, Regulatory enforcement pending, Seasonal flood risk",SUP-009,2024-09-19,18,28.67,42,87.49,79.2,1.62,3.09,81.11,69,62.94,48,1429755.28,79430.85,470242,416060,6712,84.0,2.5,75,60,True,True,True,True,False,False,False
SUP-005,Huabei Circuit Systems,APAC,China,Electronic Components,"SKU-EC-1003, SKU-EC-1019, SKU-EC-1035, SKU-EC-1051, SKU-EC-1067, SKU-EC-1083, SKU-EC-1099, SKU-EC-1115, SKU-EC-1131, SKU-EC-1147, SKU-EC-1163, SKU-EC-1179, SKU-EC-1195, SKU-EC-1211, SKU-EC-1227, SKU-EC-1243, SKU-EC-1259, SKU-EC-1275",Tier-1,Medium,ISO9001;AEC-Q100;RoHS,"Geopolitical tension flag, Regulatory audit pending, Seasonal flood risk, Tariff adjustment pending",SUP-042,2024-09-16,18,25.44,39,93.69,88.3,0.94,1.78,90.17,81,84.22,70,908603.8,50477.99,130131,122140,1280,93.0,0.99,90,80,True,True,True,True,False,False,False
SUP-006,Dongfeng Castings Co,APAC,China,Mechanical Components,"SKU-MC-1001, SKU-MC-1020, SKU-MC-1039, SKU-MC-1058, SKU-MC-1077, SKU-MC-1096, SKU-MC-1115, SKU-MC-1134, SKU-MC-1153, SKU-MC-1172, SKU-MC-1191, SKU-MC-1210, SKU-MC-1229, SKU-MC-1248, SKU-MC-1267, SKU-MC-1286, SKU-MC-1305, SKU-MC-1324",Tier-2,Low,ISO9001;IATF16949,"Audit overdue; compliance review, Export license risk, Geopolitical tension flag, Labour strike risk, Port congestion risk, Regulatory enforcement pending",SUP-054,2024-09-20,18,29.5,42,86.62,78.0,1.82,3.06,76.28,67,67.17,48,2186462.26,121470.13,405792,353658,7250,84.0,2.5,75,60,True,True,True,True,False,False,False
SUP-007,Longhua Polymer Works,APAC,China,Raw Materials,"SKU-RM-1002, SKU-RM-1023, SKU-RM-1044, SKU-RM-1065, SKU-RM-1086, SKU-RM-1107, SKU-RM-1128, SKU-RM-1149, SKU-RM-1170, SKU-RM-1191, SKU-RM-1212, SKU-RM-1233, SKU-RM-1254, SKU-RM-1275, SKU-RM-1296, SKU-RM-1317, SKU-RM-1338, SKU-RM-1359",Tier-3,Medium,ISO9001,"Audit overdue; compliance review, Geopolitical tension flag, Labour strike risk, Political instability flag, Port closure risk, Port congestion risk, Seasonal flood risk, Tariff adjustment pending",SUP-103,2024-08-21,18,35.94,52,71.24,60.1,2.77,4.48,61.83,50,48.94,32,7102925.23,394606.96,661705,479603,16823,75.0,4.0,60,45,False,True,True,True,True,False,False
SUP-008,Shengda Pack Industries,APAC,China,Packaging Materials,"SKU-PM-1001, SKU-PM-1026, SKU-PM-1051, SKU-PM-1076, SKU-PM-1101, SKU-PM-1126, SKU-PM-1151, SKU-PM-1176, SKU-PM-1201, SKU-PM-1226, SKU-PM-1251, SKU-PM-1276, SKU-PM-1301, SKU-PM-1326, SKU-PM-1351, SKU-PM-1376, SKU-PM-1401, SKU-PM-1426",Tier-2,Medium,FSC;ISO9001,"Export license risk, Labour strike risk, Port congestion risk, Regulatory audit pending, Regulatory enforcement pending, Seasonal flood risk, Tariff adjustment pending, Typhoon season disruption",SUP-042,2024-09-26,18,27.0,42,88.21,78.7,1.96,3.07,76.17,67,68.28,48,884286.3,49127.02,500947,434294,10059,84.0,2.5,75,60,True,True,True,True,False,False,False
SUP-009,Tianhe Alloy Group,APAC,China,Specialty Alloys,"SKU-SA-1001, SKU-SA-1020, SKU-SA-1039, SKU-SA-1058, SKU-SA-1077, SKU-SA-1096, SKU-SA-1115, SKU-SA-1134, SKU-SA-1153, SKU-SA-1172, SKU-SA-1191, SKU-SA-1210, SKU-SA-1229, SKU-SA-1248, SKU-SA-1267, SKU-SA-1286, SKU-SA-1305, SKU-SA-1324",Tier-2,Medium,ISO9001,"Audit overdue; compliance review, Export license risk, Geopolitical tension flag, Political instability flag, Port congestion risk, Regulatory audit pending, Seasonal flood risk",SUP-114,2024-09-10,18,28.44,41,87.03,80.2,1.88,3.16,81.39,71,62.78,48,8739796.9,485544.27,418387,365610,7545,84.0,2.5,75,60,True,True,True,True,False,False,False
SUP-010,Bohai Electronics,APAC,China,Electronic Components,"SKU-EC-1004, SKU-EC-1020, SKU-EC-1036, SKU-EC-1052, SKU-EC-1068, SKU-EC-1084, SKU-EC-1100, SKU-EC-1116, SKU-EC-1132, SKU-EC-1148, SKU-EC-1164, SKU-EC-1180, SKU-EC-1196, SKU-EC-1212, SKU-EC-1228, SKU-EC-1244, SKU-EC-1260, SKU-EC-1276",Tier-3,Medium,ISO9001;RoHS,"Geopolitical tension flag, Labour strike risk, Port congestion risk, Regulatory audit pending, Regulatory enforcement pending, Tariff adjustment pending, Typhoon season disruption",SUP-029,2024-09-25,18,31.78,50,71.26,60.7,3.4,4.16,62.06,51,42.78,30,3436726.31,190929.24,509364,368048,17748,75.0,4.0,60,45,False,True,True,False,True,True,False
SUP-011,Dravex Components India,APAC,India,Mechanical Components,"SKU-MC-1002, SKU-MC-1021, SKU-MC-1040, SKU-MC-1059, SKU-MC-1078, SKU-MC-1097, SKU-MC-1116, SKU-MC-1135, SKU-MC-1154, SKU-MC-1173, SKU-MC-1192, SKU-MC-1211, SKU-MC-1230, SKU-MC-1249, SKU-MC-1268, SKU-MC-1287, SKU-MC-1306, SKU-MC-1325",Tier-3,High,ISO9001,"Audit overdue; compliance review, Geopolitical tension flag, Political instability flag, Port closure risk, Port congestion risk, Regulatory audit pending, Regulatory enforcement pending, Seasonal flood risk, Typhoon season disruption",SUP-083,2024-09-30,18,32.11,51,72.27,61.6,3.27,4.47,65.67,55,45.06,31,3236970.2,179831.68,653857,479579,22761,75.0,4.0,60,45,False,True,True,True,True,False,True
SUP-012,Bharat Precision Works,APAC,India,Mechanical Components,"SKU-MC-1003, SKU-MC-1022, SKU-MC-1041, SKU-MC-1060, SKU-MC-1079, SKU-MC-1098, SKU-MC-1117, SKU-MC-1136, SKU-MC-1155, SKU-MC-1174, SKU-MC-1193, SKU-MC-1212, SKU-MC-1231, SKU-MC-1250, SKU-MC-1269, SKU-MC-1288, SKU-MC-1307, SKU-MC-1326",Tier-2,Low,ISO9001;IATF16949,"Audit overdue; compliance review, Currency volatility flag, Export license risk, Political instability flag, Seasonal flood risk, Tariff adjustment pending",SUP-077,2024-07-06,18,28.61,41,86.75,78.5,1.59,3.13,80.5,67,63.11,48,2031103.65,112839.09,434842,372349,8084,84.0,2.5,75,60,True,True,True,True,False,False,False
SUP-013,IndoTech Fab Ltd,APAC,India,Electronic Components,"SKU-EC-1005, SKU-EC-1021, SKU-EC-1037, SKU-EC-1053, SKU-EC-1069, SKU-EC-1085, SKU-EC-1101, SKU-EC-1117, SKU-EC-1133, SKU-EC-1149, SKU-EC-1165, SKU-EC-1181, SKU-EC-1197, SKU-EC-1213, SKU-EC-1229, SKU-EC-1245, SKU-EC-1261, SKU-EC-1277",Tier-2,Medium,ISO9001;RoHS,"Audit overdue; compliance review, Geopolitical tension flag, Labour strike risk, Port congestion risk, Regulatory audit pending, Seasonal flood risk",SUP-115,2024-09-29,18,26.56,40,86.76,78.0,1.9,3.08,79.0,68,63.44,50,3752327.43,208462.64,643261,558478,11672,84.0,2.5,75,60,True,True,True,True,False,False,False
SUP-014,Deccan Polymer Mfg,APAC,India,Raw Materials,"SKU-RM-1003, SKU-RM-1024, SKU-RM-1045, SKU-RM-1066, SKU-RM-1087, SKU-RM-1108, SKU-RM-1129, SKU-RM-1150, SKU-RM-1171, SKU-RM-1192, SKU-RM-1213, SKU-RM-1234, SKU-RM-1255, SKU-RM-1276, SKU-RM-1297, SKU-RM-1318, SKU-RM-1339, SKU-RM-1360",Tier-3,High,ISO9001,"Currency volatility flag, Geopolitical tension flag, Labour strike risk, Political instability flag, Port congestion risk, Regulatory enforcement pending, Seasonal flood risk, Tariff adjustment pending, Typhoon season disruption",SUP-024,2024-09-02,18,38.0,52,73.16,60.1,2.65,4.44,61.06,50,45.39,30,7223092.8,401282.93,596660,433342,17240,75.0,4.0,60,45,False,True,True,True,True,False,True
SUP-015,Narmada Pack Solutions,APAC,India,Packaging Materials,"SKU-PM-1002, SKU-PM-1027, SKU-PM-1052, SKU-PM-1077, SKU-PM-1102, SKU-PM-1127, SKU-PM-1152, SKU-PM-1177, SKU-PM-1202, SKU-PM-1227, SKU-PM-1252, SKU-PM-1277, SKU-PM-1302, SKU-PM-1327, SKU-PM-1352, SKU-PM-1377, SKU-PM-1402, SKU-PM-1427",Tier-2,Medium,FSC;ISO9001,"Currency volatility flag, Geopolitical tension flag, Political instability flag, Port closure risk, Port congestion risk, Regulatory audit pending, Regulatory enforcement pending, Seasonal flood risk",SUP-028,2024-09-08,18,29.28,40,86.76,79.1,1.92,3.09,79.22,68,69.78,48,1013910.11,56328.34,517486,447752,9345,84.0,2.5,75,60,True,True,True,True,False,False,False
SUP-016,Konkan Textile Mills,APAC,India,Industrial Textiles,"SKU-IT-1002, SKU-IT-1018, SKU-IT-1034, SKU-IT-1050, SKU-IT-1066, SKU-IT-1082, SKU-IT-1098, SKU-IT-1114, SKU-IT-1130, SKU-IT-1146, SKU-IT-1162, SKU-IT-1178, SKU-IT-1194, SKU-IT-1210, SKU-IT-1226, SKU-IT-1242, SKU-IT-1258, SKU-IT-1274",Tier-2,Low,OEKO-TEX;ISO9001,"Export license risk, Labour strike risk, Political instability flag, Port congestion risk, Seasonal flood risk, Tariff adjustment pending, Typhoon season disruption",SUP-032,2024-09-27,18,23.72,40,86.01,78.6,1.73,3.14,77.44,69,67.78,48,2363910.72,131328.37,590841,511153,10042,84.0,2.5,75,60,True,True,True,True,False,False,False
SUP-017,Sahyadri Alloy Tech,APAC,India,Specialty Alloys,"SKU-SA-1002, SKU-SA-1021, SKU-SA-1040, SKU-SA-1059, SKU-SA-1078, SKU-SA-1097, SKU-SA-1116, SKU-SA-1135, SKU-SA-1154, SKU-SA-1173, SKU-SA-1192, SKU-SA-1211, SKU-SA-1230, SKU-SA-1249, SKU-SA-1268, SKU-SA-1287, SKU-SA-1306, SKU-SA-1325",Tier-3,High,ISO9001,"Currency volatility flag, Export license risk, Political instability flag, Port closure risk, Port congestion risk, Regulatory enforcement pending, Typhoon season disruption",SUP-072,2024-06-29,18,32.94,51,73.42,60.4,2.86,4.5,61.67,51,48.56,30,16178106.95,898783.72,701886,507478,20746,75.0,4.0,60,45,False,True,True,True,True,False,True
SUP-018,Deltaforge Vietnam,APAC,Vietnam,Mechanical Components,"SKU-MC-1004, SKU-MC-1023, SKU-MC-1042, SKU-MC-1061, SKU-MC-1080, SKU-MC-1099, SKU-MC-1118, SKU-MC-1137, SKU-MC-1156, SKU-MC-1175, SKU-MC-1194, SKU-MC-1213, SKU-MC-1232, SKU-MC-1251, SKU-MC-1270, SKU-MC-1289, SKU-MC-1308, SKU-MC-1327",Tier-3,Medium,ISO9001,"Audit overdue; compliance review, Export license risk, Labour strike risk, Port closure risk, Port congestion risk, Regulatory audit pending, Seasonal flood risk, Tariff adjustment pending",SUP-073,2024-07-30,18,32.33,48,72.99,60.8,2.61,3.55,64.0,51,46.94,30,3060089.67,170004.98,607464,440751,16670,75.0,4.0,60,45,False,True,True,True,True,False,False
SUP-019,Saigon Precision Works,APAC,Vietnam,Electronic Components,"SKU-EC-1006, SKU-EC-1022, SKU-EC-1038, SKU-EC-1054, SKU-EC-1070, SKU-EC-1086, SKU-EC-1102, SKU-EC-1118, SKU-EC-1134, SKU-EC-1150, SKU-EC-1166, SKU-EC-1182, SKU-EC-1198, SKU-EC-1214, SKU-EC-1230, SKU-EC-1246, SKU-EC-1262, SKU-EC-1278",Tier-2,Low,ISO9001;RoHS,"Export license risk, Geopolitical tension flag, Labour strike risk, Port closure risk, Regulatory audit pending, Seasonal flood risk, Typhoon season disruption",SUP-022,2024-08-22,18,27.67,41,87.12,78.1,1.55,3.11,76.83,68,68.44,52,3475625.36,193090.3,521532,457078,7047,84.0,2.5,75,60,True,True,True,True,False,False,False
SUP-020,MeKong Pack Co,APAC,Vietnam,Packaging Materials,"SKU-PM-1003, SKU-PM-1028, SKU-PM-1053, SKU-PM-1078, SKU-PM-1103, SKU-PM-1128, SKU-PM-1153, SKU-PM-1178, SKU-PM-1203, SKU-PM-1228, SKU-PM-1253, SKU-PM-1278, SKU-PM-1303, SKU-PM-1328, SKU-PM-1353, SKU-PM-1378, SKU-PM-1403, SKU-PM-1428",Tier-3,High,FSC;ISO9001,"Audit overdue; compliance review, Currency volatility flag, Export license risk, Geopolitical tension flag, Political instability flag, Port congestion risk, Regulatory audit pending, Regulatory enforcement pending, Typhoon season disruption",SUP-007,2024-07-25,18,32.89,52,70.98,60.4,2.86,4.5,60.89,52,48.89,32,1312164.75,72898.04,720443,518295,20893,75.0,4.0,60,45,False,True,True,True,True,False,True
SUP-021,HanoiTex Industries,APAC,Vietnam,Industrial Textiles,"SKU-IT-1003, SKU-IT-1019, SKU-IT-1035, SKU-IT-1051, SKU-IT-1067, SKU-IT-1083, SKU-IT-1099, SKU-IT-1115, SKU-IT-1131, SKU-IT-1147, SKU-IT-1163, SKU-IT-1179, SKU-IT-1195, SKU-IT-1211, SKU-IT-1227, SKU-IT-1243, SKU-IT-1259, SKU-IT-1275",Tier-2,Low,OEKO-TEX;ISO9001,"Audit overdue; compliance review, Currency volatility flag, Political instability flag, Port closure risk, Regulatory audit pending, Seasonal flood risk, Tariff adjustment pending",SUP-005,2024-09-19,18,27.0,41,86.03,78.3,1.72,3.15,80.11,67,65.22,49,1873122.0,104062.33,494963,421558,7251,84.0,2.5,75,60,True,True,True,True,False,False,False
SUP-022,DaNang Metal Works,APAC,Vietnam,Mechanical Components,"SKU-MC-1005, SKU-MC-1024, SKU-MC-1043, SKU-MC-1062, SKU-MC-1081, SKU-MC-1100, SKU-MC-1119, SKU-MC-1138, SKU-MC-1157, SKU-MC-1176, SKU-MC-1195, SKU-MC-1214, SKU-MC-1233, SKU-MC-1252, SKU-MC-1271, SKU-MC-1290, SKU-MC-1309, SKU-MC-1328",Tier-3,High,ISO9001,"Audit overdue; compliance review, Currency volatility flag, Labour strike risk, Port closure risk, Port congestion risk, Regulatory audit pending, Regulatory enforcement pending, Tariff adjustment pending, Typhoon season disruption",SUP-107,2024-09-09,18,34.33,50,72.51,61.7,2.89,4.45,61.28,50,49.33,31,2771851.75,153991.76,612645,445454,17392,75.0,4.0,60,45,False,True,True,True,True,False,True
SUP-023,Hanguk Circuit Works,APAC,South Korea,Electronic Components,"SKU-EC-1007, SKU-EC-1023, SKU-EC-1039, SKU-EC-1055, SKU-EC-1071, SKU-EC-1087, SKU-EC-1103, SKU-EC-1119, SKU-EC-1135, SKU-EC-1151, SKU-EC-1167, SKU-EC-1183, SKU-EC-1199, SKU-EC-1215, SKU-EC-1231, SKU-EC-1247, SKU-EC-1263, SKU-EC-1279",Tier-1,Low,ISO9001;AEC-Q100,"Audit overdue; compliance review, Port closure risk, Port congestion risk, Regulatory audit pending, Seasonal flood risk, Tariff adjustment pending",SUP-001,2024-09-11,18,25.22,41,94.21,88.6,1.15,1.77,88.72,80,79.44,70,1110894.35,61716.35,160359,149755,1945,93.0,0.99,90,80,True,False,False,False,False,True,False
SUP-024,Seoultech Micro,APAC,South Korea,Electronic Components,"SKU-EC-1008, SKU-EC-1024, SKU-EC-1040, SKU-EC-1056, SKU-EC-1072, SKU-EC-1088, SKU-EC-1104, SKU-EC-1120, SKU-EC-1136, SKU-EC-1152, SKU-EC-1168, SKU-EC-1184, SKU-EC-1200, SKU-EC-1216, SKU-EC-1232, SKU-EC-1248, SKU-EC-1264, SKU-EC-1280",Tier-2,Medium,ISO9001;RoHS,"Export license risk, Geopolitical tension flag, Political instability flag, Port closure risk, Port congestion risk, Regulatory audit pending, Regulatory enforcement pending, Seasonal flood risk",SUP-061,2024-08-13,18,26.28,42,86.12,78.4,1.83,2.99,81.5,68,66.67,48,3297535.58,183196.42,557435,471801,10133,84.0,2.5,75,60,True,True,True,True,False,False,False
SUP-025,Koryo Alloy Systems,APAC,South Korea,Specialty Alloys,"SKU-SA-1003, SKU-SA-1022, SKU-SA-1041, SKU-SA-1060, SKU-SA-1079, SKU-SA-1098, SKU-SA-1117, SKU-SA-1136, SKU-SA-1155, SKU-SA-1174, SKU-SA-1193, SKU-SA-1212, SKU-SA-1231, SKU-SA-1250, SKU-SA-1269, SKU-SA-1288, SKU-SA-1307, SKU-SA-1326",Tier-1,Low,ISO9001;NADCAP,"Audit overdue; compliance review, Currency volatility flag, Geopolitical tension flag, Port congestion risk, Regulatory audit pending",SUP-010,2024-09-21,18,26.06,42,94.28,89.7,1.05,1.72,87.11,80,84.44,71,3701463.07,205636.84,152138,143016,1563,93.0,0.99,90,80,True,False,False,True,False,False,False
SUP-026,Hangang Steel Parts,APAC,South Korea,Mechanical Components,"SKU-MC-1006, SKU-MC-1025, SKU-MC-1044, SKU-MC-1063, SKU-MC-1082, SKU-MC-1101, SKU-MC-1120, SKU-MC-1139, SKU-MC-1158, SKU-MC-1177, SKU-MC-1196, SKU-MC-1215, SKU-MC-1234, SKU-MC-1253, SKU-MC-1272, SKU-MC-1291, SKU-MC-1310, SKU-MC-1329",Tier-2,Medium,ISO9001;IATF16949,"Geopolitical tension flag, Labour strike risk, Port closure risk, Port congestion risk, Seasonal flood risk, Tariff adjustment pending, Typhoon season disruption",SUP-006,2024-07-19,18,26.0,40,85.51,78.4,1.98,3.13,78.78,67,67.39,49,2426635.76,134813.1,473273,401496,9080,84.0,2.5,75,60,True,True,True,True,False,False,False
SUP-027,Busan Pack Corp,APAC,South Korea,Packaging Materials,"SKU-PM-1004, SKU-PM-1029, SKU-PM-1054, SKU-PM-1079, SKU-PM-1104, SKU-PM-1129, SKU-PM-1154, SKU-PM-1179, SKU-PM-1204, SKU-PM-1229, SKU-PM-1254, SKU-PM-1279, SKU-PM-1304, SKU-PM-1329, SKU-PM-1354, SKU-PM-1379, SKU-PM-1404, SKU-PM-1429",Tier-2,High,FSC;ISO9001,"Audit overdue; compliance review, Export license risk, Labour strike risk, Port closure risk, Regulatory audit pending, Tariff adjustment pending, Typhoon season disruption",SUP-012,2024-08-07,18,24.61,42,88.25,78.5,1.98,3.13,81.67,67,68.67,52,864414.12,48023.01,418907,373526,9013,84.0,2.5,75,60,True,True,True,True,False,False,True
SUP-028,Hokkaido Alloy Tech,APAC,Japan,Specialty Alloys,"SKU-SA-1004, SKU-SA-1023, SKU-SA-1042, SKU-SA-1061, SKU-SA-1080, SKU-SA-1099, SKU-SA-1118, SKU-SA-1137, SKU-SA-1156, SKU-SA-1175, SKU-SA-1194, SKU-SA-1213, SKU-SA-1232, SKU-SA-1251, SKU-SA-1270, SKU-SA-1289, SKU-SA-1308, SKU-SA-1327",Tier-1,Low,ISO9001;NADCAP;AS9100,"Audit overdue; compliance review, Currency volatility flag, Regulatory audit pending, Typhoon season disruption",SUP-032,2024-09-28,18,22.39,40,94.09,88.9,0.97,1.75,88.39,80,83.56,70,3795087.29,210838.18,182307,171891,1672,93.0,0.99,90,80,True,True,False,True,False,False,False
SUP-029,Kinki Precision Corp,APAC,Japan,Electronic Components,"SKU-EC-1009, SKU-EC-1025, SKU-EC-1041, SKU-EC-1057, SKU-EC-1073, SKU-EC-1089, SKU-EC-1105, SKU-EC-1121, SKU-EC-1137, SKU-EC-1153, SKU-EC-1169, SKU-EC-1185, SKU-EC-1201, SKU-EC-1217, SKU-EC-1233, SKU-EC-1249, SKU-EC-1265",Tier-1,Low,ISO9001;AEC-Q100;RoHS,"Geopolitical tension flag, Tariff adjustment pending",SUP-081,2024-09-06,17,23.41,40,94.18,88.5,1.0,1.76,90.29,82,85.06,70,864666.51,50862.74,142439,134442,1471,93.0,0.99,90,80,True,False,True,True,False,False,False
SUP-030,Osaka Polymer Systems,APAC,Japan,Raw Materials,"SKU-RM-1004, SKU-RM-1025, SKU-RM-1046, SKU-RM-1067, SKU-RM-1088, SKU-RM-1109, SKU-RM-1130, SKU-RM-1151, SKU-RM-1172, SKU-RM-1193, SKU-RM-1214, SKU-RM-1235, SKU-RM-1256, SKU-RM-1277, SKU-RM-1298, SKU-RM-1319, SKU-RM-1340",Tier-1,Low,ISO9001;ISO14001;REACH,"Geopolitical tension flag, Seasonal flood risk",SUP-076,2024-09-20,17,24.35,40,94.84,89.0,0.9,1.79,88.94,80,83.82,72,1766673.12,103921.95,130215,123691,1274,93.0,0.99,90,80,True,True,False,True,False,False,False
SUP-031,Sendai Mech Works,APAC,Japan,Mechanical Components,"SKU-MC-1007, SKU-MC-1026, SKU-MC-1045, SKU-MC-1064, SKU-MC-1083, SKU-MC-1102, SKU-MC-1121, SKU-MC-1140, SKU-MC-1159, SKU-MC-1178, SKU-MC-1197, SKU-MC-1216, SKU-MC-1235, SKU-MC-1254, SKU-MC-1273, SKU-MC-1292, SKU-MC-1311",Tier-1,Low,ISO9001;IATF16949,"Export license risk, Port congestion risk, Regulatory audit pending, Seasonal flood risk, Typhoon season disruption",SUP-003,2024-08-24,17,27.18,41,93.34,88.0,1.05,1.67,86.88,80,84.0,71,703129.89,41360.58,152326,142606,1397,93.0,0.99,90,80,True,False,False,True,False,False,False
SUP-032,Kyushu Textile Co,APAC,Japan,Industrial Textiles,"SKU-IT-1004, SKU-IT-1020, SKU-IT-1036, SKU-IT-1052, SKU-IT-1068, SKU-IT-1084, SKU-IT-1100, SKU-IT-1116, SKU-IT-1132, SKU-IT-1148, SKU-IT-1164, SKU-IT-1180, SKU-IT-1196, SKU-IT-1212, SKU-IT-1228, SKU-IT-1244, SKU-IT-1260",Tier-1,Low,OEKO-TEX;ISO9001;ISO14001,"Audit overdue; compliance review, Geopolitical tension flag, Political instability flag, Port congestion risk",SUP-092,2024-08-17,17,29.35,42,93.16,88.2,0.78,1.62,88.71,80,85.35,73,483092.31,28417.19,117528,108997,890,93.0,0.99,90,80,True,True,False,True,False,False,False
SUP-033,PrecisionForge Taiyuan,APAC,Taiwan,Mechanical Components,"SKU-MC-1008, SKU-MC-1027, SKU-MC-1046, SKU-MC-1065, SKU-MC-1084, SKU-MC-1103, SKU-MC-1122, SKU-MC-1141, SKU-MC-1160, SKU-MC-1179, SKU-MC-1198, SKU-MC-1217, SKU-MC-1236, SKU-MC-1255, SKU-MC-1274, SKU-MC-1293, SKU-MC-1312",Tier-1,Low,ISO9001;IATF16949,"Port congestion risk, Seasonal flood risk, Tariff adjustment pending",SUP-016,2024-07-10,17,24.24,34,94.43,88.9,1.12,1.77,87.82,80,85.24,74,591164.41,34774.38,131604,123289,1442,93.0,0.99,90,80,True,False,False,True,False,False,False
SUP-034,Formosa Circuit Co,APAC,Taiwan,Electronic Components,"SKU-EC-1010, SKU-EC-1026, SKU-EC-1042, SKU-EC-1058, SKU-EC-1074, SKU-EC-1090, SKU-EC-1106, SKU-EC-1122, SKU-EC-1138, SKU-EC-1154, SKU-EC-1170, SKU-EC-1186, SKU-EC-1202, SKU-EC-1218, SKU-EC-1234, SKU-EC-1250, SKU-EC-1266",Tier-1,Low,ISO9001;AEC-Q100;RoHS,"Audit overdue; compliance review, Geopolitical tension flag, Regulatory enforcement pending, Typhoon season disruption",SUP-003,2024-09-17,17,29.29,41,92.62,88.1,1.05,1.8,91.12,80,81.12,70,912811.76,53694.81,146705,135692,1452,93.0,0.99,90,80,False,False,True,True,False,False,False
SUP-035,Yulon Alloy Mfg,APAC,Taiwan,Specialty Alloys,"SKU-SA-1005, SKU-SA-1024, SKU-SA-1043, SKU-SA-1062, SKU-SA-1081, SKU-SA-1100, SKU-SA-1119, SKU-SA-1138, SKU-SA-1157, SKU-SA-1176, SKU-SA-1195, SKU-SA-1214, SKU-SA-1233, SKU-SA-1252, SKU-SA-1271, SKU-SA-1290, SKU-SA-1309",Tier-2,Medium,ISO9001,"Geopolitical tension flag, Political instability flag, Port closure risk, Port congestion risk, Regulatory audit pending, Seasonal flood risk, Tariff adjustment pending, Typhoon season disruption",SUP-004,2024-07-29,17,27.53,42,87.79,79.1,1.95,3.13,78.0,67,74.24,50,7576863.87,445697.87,373137,330079,6712,84.0,2.5,75,60,True,True,True,True,False,False,False
SUP-036,Kaohsiung Pack Co,APAC,Taiwan,Packaging Materials,"SKU-PM-1005, SKU-PM-1030, SKU-PM-1055, SKU-PM-1080, SKU-PM-1105, SKU-PM-1130, SKU-PM-1155, SKU-PM-1180, SKU-PM-1205, SKU-PM-1230, SKU-PM-1255, SKU-PM-1280, SKU-PM-1305, SKU-PM-1330, SKU-PM-1355, SKU-PM-1380, SKU-PM-1405",Tier-2,Medium,FSC;ISO9001,"Geopolitical tension flag, Political instability flag, Port closure risk, Regulatory enforcement pending, Seasonal flood risk, Tariff adjustment pending",SUP-001,2024-09-19,17,24.24,38,84.71,78.3,1.68,3.09,78.41,70,72.71,48,1121300.49,65958.85,512713,432662,7731,84.0,2.5,75,60,True,True,True,True,False,False,False
SUP-037,Straits Packaging Hub,APAC,Singapore,Packaging Materials,"SKU-PM-1006, SKU-PM-1031, SKU-PM-1056, SKU-PM-1081, SKU-PM-1106, SKU-PM-1131, SKU-PM-1156, SKU-PM-1181, SKU-PM-1206, SKU-PM-1231, SKU-PM-1256, SKU-PM-1281, SKU-PM-1306, SKU-PM-1331, SKU-PM-1356, SKU-PM-1381, SKU-PM-1406",Tier-1,Low,ISO9001;ISO14001,"Geopolitical tension flag, Political instability flag, Seasonal flood risk, Tariff adjustment pending",SUP-001,2024-08-22,17,21.82,40,93.41,88.5,0.96,1.79,92.12,84,83.59,72,357752.13,21044.24,149167,139291,1444,93.0,0.99,90,80,True,True,True,True,False,False,False
SUP-038,SingaMold Tech,APAC,Singapore,Mechanical Components,"SKU-MC-1009, SKU-MC-1028, SKU-MC-1047, SKU-MC-1066, SKU-MC-1085, SKU-MC-1104, SKU-MC-1123, SKU-MC-1142, SKU-MC-1161, SKU-MC-1180, SKU-MC-1199, SKU-MC-1218, SKU-MC-1237, SKU-MC-1256, SKU-MC-1275, SKU-MC-1294, SKU-MC-1313",Tier-1,Low,ISO9001;IATF16949,"Political instability flag, Regulatory enforcement pending, Seasonal flood risk, Tariff adjustment pending",SUP-036,2024-07-29,17,23.82,41,94.66,89.0,0.78,1.45,87.41,80,83.06,74,687982.73,40469.57,114411,108350,1016,93.0,0.99,90,80,True,True,False,True,False,False,False
SUP-039,Krungsri Moldtech,APAC,Thailand,Mechanical Components,"SKU-MC-1010, SKU-MC-1029, SKU-MC-1048, SKU-MC-1067, SKU-MC-1086, SKU-MC-1105, SKU-MC-1124, SKU-MC-1143, SKU-MC-1162, SKU-MC-1181, SKU-MC-1200, SKU-MC-1219, SKU-MC-1238, SKU-MC-1257, SKU-MC-1276, SKU-MC-1295, SKU-MC-1314",Tier-2,Medium,ISO9001;IATF16949,"Audit overdue; compliance review, Export license risk, Geopolitical tension flag, Regulatory audit pending, Seasonal flood risk, Tariff adjustment pending",SUP-008,2024-09-10,17,28.65,40,86.89,79.1,1.82,2.95,78.29,70,65.47,48,2033808.35,119635.79,400553,344263,7156,84.0,2.5,75,60,True,True,True,True,False,False,False
SUP-040,ChaoPhaya Pack,APAC,Thailand,Packaging Materials,"SKU-PM-1007, SKU-PM-1032, SKU-PM-1057, SKU-PM-1082, SKU-PM-1107, SKU-PM-1132, SKU-PM-1157, SKU-PM-1182, SKU-PM-1207, SKU-PM-1232, SKU-PM-1257, SKU-PM-1282, SKU-PM-1307, SKU-PM-1332, SKU-PM-1357, SKU-PM-1382, SKU-PM-1407",Tier-2,Medium,FSC;ISO9001,"Geopolitical tension flag, Port congestion risk, Regulatory audit pending, Seasonal flood risk, Tariff adjustment pending",SUP-042,2024-09-24,17,24.88,38,87.94,78.7,1.51,2.68,81.0,67,65.82,49,1059383.66,62316.69,522126,454483,7370,84.0,2.5,75,60,True,True,True,True,False,False,False
SUP-041,Archipelago PCB Corp,APAC,Philippines,Electronic Components,"SKU-EC-1011, SKU-EC-1027, SKU-EC-1043, SKU-EC-1059, SKU-EC-1075, SKU-EC-1091, SKU-EC-1107, SKU-EC-1123, SKU-EC-1139, SKU-EC-1155, SKU-EC-1171, SKU-EC-1187, SKU-EC-1203, SKU-EC-1219, SKU-EC-1235, SKU-EC-1251, SKU-EC-1267",Tier-3,High,ISO9001,"Audit overdue; compliance review, Export license risk, Labour strike risk, Port closure risk, Tariff adjustment pending, Typhoon season disruption",SUP-016,2024-06-05,17,32.29,52,74.42,61.6,2.82,4.38,66.71,52,47.65,33,4402101.57,258947.15,694854,518586,18079,75.0,4.0,60,45,False,True,True,True,True,False,True
SUP-042,Visayas Textile Co,APAC,Philippines,Industrial Textiles,"SKU-IT-1005, SKU-IT-1021, SKU-IT-1037, SKU-IT-1053, SKU-IT-1069, SKU-IT-1085, SKU-IT-1101, SKU-IT-1117, SKU-IT-1133, SKU-IT-1149, SKU-IT-1165, SKU-IT-1181, SKU-IT-1197, SKU-IT-1213, SKU-IT-1229, SKU-IT-1245, SKU-IT-1261",Tier-3,Medium,OEKO-TEX;ISO9001,"Currency volatility flag, Export license risk, Geopolitical tension flag, Port closure risk, Port congestion risk, Regulatory audit pending, Regulatory enforcement pending, Tariff adjustment pending",SUP-033,2024-08-03,17,37.47,52,76.0,62.1,2.97,4.1,60.94,50,50.24,36,2723402.89,160200.17,677340,518469,19205,75.0,4.0,60,45,True,True,True,True,True,False,False
SUP-043,Tasman Circuit Boards,APAC,Australia,Electronic Components,"SKU-EC-1012, SKU-EC-1028, SKU-EC-1044, SKU-EC-1060, SKU-EC-1076, SKU-EC-1092, SKU-EC-1108, SKU-EC-1124, SKU-EC-1140, SKU-EC-1156, SKU-EC-1172, SKU-EC-1188, SKU-EC-1204, SKU-EC-1220, SKU-EC-1236, SKU-EC-1252, SKU-EC-1268",Tier-1,Low,ISO9001;AEC-Q100;RoHS,"Geopolitical tension flag, Regulatory audit pending, Tariff adjustment pending",SUP-002,2024-08-11,17,22.82,42,94.57,88.8,1.19,1.69,87.18,80,83.18,70,1162467.22,68380.42,160656,152449,2040,93.0,0.99,90,80,True,False,False,True,False,False,False
SUP-044,Broken Hill Alloys,APAC,Australia,Specialty Alloys,"SKU-SA-1006, SKU-SA-1025, SKU-SA-1044, SKU-SA-1063, SKU-SA-1082, SKU-SA-1101, SKU-SA-1120, SKU-SA-1139, SKU-SA-1158, SKU-SA-1177, SKU-SA-1196, SKU-SA-1215, SKU-SA-1234, SKU-SA-1253, SKU-SA-1272, SKU-SA-1291, SKU-SA-1310",Tier-1,Low,ISO9001;NADCAP,"Geopolitical tension flag, Political instability flag, Port closure risk, Seasonal flood risk",SUP-002,2024-09-02,17,22.65,41,93.77,88.9,0.55,1.26,89.41,81,86.65,71,2124588.35,124975.79,114233,107205,778,93.0,0.99,90,80,True,True,False,True,False,False,False
SUP-045,Sibertek Molding,APAC,Russia,Mechanical Components,"SKU-MC-1011, SKU-MC-1030, SKU-MC-1049, SKU-MC-1068, SKU-MC-1087, SKU-MC-1106, SKU-MC-1125, SKU-MC-1144, SKU-MC-1163, SKU-MC-1182, SKU-MC-1201, SKU-MC-1220, SKU-MC-1239, SKU-MC-1258, SKU-MC-1277, SKU-MC-1296, SKU-MC-1315",Tier-3,Medium,ISO9001,"Geopolitical tension flag, Labour strike risk, Port closure risk, Regulatory audit pending, Seasonal flood risk, Tariff adjustment pending",SUP-010,2024-09-18,17,40.41,52,72.69,62.1,3.19,4.45,64.24,51,47.53,31,3126936.59,183937.45,639763,462283,20977,75.0,4.0,60,45,False,True,True,True,True,False,False
SUP-046,Krauss-Polymex GmbH,EMEA,Germany,Raw Materials,"SKU-RM-1005, SKU-RM-1026, SKU-RM-1047, SKU-RM-1068, SKU-RM-1089, SKU-RM-1110, SKU-RM-1131, SKU-RM-1152, SKU-RM-1173, SKU-RM-1194, SKU-RM-1215, SKU-RM-1236, SKU-RM-1257, SKU-RM-1278, SKU-RM-1299, SKU-RM-1320, SKU-RM-1341",Tier-1,Low,REACH;ISO9001;ISO14001,"Geopolitical tension flag, Regulatory audit pending, Seasonal flood risk",SUP-035,2024-08-27,17,21.24,39,93.56,88.5,0.94,1.69,89.59,80,86.53,71,1934117.17,113771.6,167145,156361,1608,93.0,0.99,90,80,True,True,False,True,False,False,False
SUP-047,Rheinwerk Precision AG,EMEA,Germany,Mechanical Components,"SKU-MC-1012, SKU-MC-1031, SKU-MC-1050, SKU-MC-1069, SKU-MC-1088, SKU-MC-1107, SKU-MC-1126, SKU-MC-1145, SKU-MC-1164, SKU-MC-1183, SKU-MC-1202, SKU-MC-1221, SKU-MC-1240, SKU-MC-1259, SKU-MC-1278, SKU-MC-1297, SKU-MC-1316",Tier-1,Low,ISO9001;IATF16949,"Geopolitical tension flag, Regulatory audit pending, Typhoon season disruption",SUP-102,2024-09-28,17,24.94,39,93.65,88.2,0.96,1.79,89.76,81,85.41,71,672371.26,39551.25,154852,144319,1502,93.0,0.99,90,80,True,True,False,True,False,False,False
SUP-048,Berliner Pack GmbH,EMEA,Germany,Packaging Materials,"SKU-PM-1008, SKU-PM-1033, SKU-PM-1058, SKU-PM-1083, SKU-PM-1108, SKU-PM-1133, SKU-PM-1158, SKU-PM-1183, SKU-PM-1208, SKU-PM-1233, SKU-PM-1258, SKU-PM-1283, SKU-PM-1308, SKU-PM-1333, SKU-PM-1358, SKU-PM-1383, SKU-PM-1408",Tier-1,Low,FSC;ISO14001;ISO9001,"Export license risk, Port closure risk, Port congestion risk, Regulatory enforcement pending, Tariff adjustment pending",SUP-087,2024-09-24,17,24.82,41,93.85,88.1,0.76,1.51,89.94,80,80.82,70,289328.09,17019.3,143356,135225,1058,93.0,0.99,90,80,True,True,False,True,False,False,False
SUP-049,Munich Alloy Technik,EMEA,Germany,Specialty Alloys,"SKU-SA-1007, SKU-SA-1026, SKU-SA-1045, SKU-SA-1064, SKU-SA-1083, SKU-SA-1102, SKU-SA-1121, SKU-SA-1140, SKU-SA-1159, SKU-SA-1178, SKU-SA-1197, SKU-SA-1216, SKU-SA-1235, SKU-SA-1254, SKU-SA-1273, SKU-SA-1292, SKU-SA-1311",Tier-1,Low,ISO9001;NADCAP;AS9100,"Geopolitical tension flag, Labour strike risk, Port closure risk, Seasonal flood risk",SUP-088,2024-09-11,17,25.47,40,94.45,89.1,0.89,1.69,90.88,80,83.76,72,3034722.45,178513.09,143299,136013,1121,93.0,0.99,90,80,True,True,True,True,False,False,False
SUP-050,Dresdner Textilwerk,EMEA,Germany,Industrial Textiles,"SKU-IT-1006, SKU-IT-1022, SKU-IT-1038, SKU-IT-1054, SKU-IT-1070, SKU-IT-1086, SKU-IT-1102, SKU-IT-1118, SKU-IT-1134, SKU-IT-1150, SKU-IT-1166, SKU-IT-1182, SKU-IT-1198, SKU-IT-1214, SKU-IT-1230, SKU-IT-1246, SKU-IT-1262",Tier-2,Medium,OEKO-TEX;ISO9001,"Export license risk, Geopolitical tension flag, Political instability flag, Port congestion risk, Regulatory audit pending, Tariff adjustment pending",SUP-011,2024-08-10,17,26.71,37,85.49,78.1,1.76,2.66,79.59,68,63.88,48,1890839.73,111225.87,473700,406708,8598,84.0,2.5,75,60,True,True,True,True,False,False,False
SUP-051,Toreval Electronics,EMEA,France,Electronic Components,"SKU-EC-1013, SKU-EC-1029, SKU-EC-1045, SKU-EC-1061, SKU-EC-1077, SKU-EC-1093, SKU-EC-1109, SKU-EC-1125, SKU-EC-1141, SKU-EC-1157, SKU-EC-1173, SKU-EC-1189, SKU-EC-1205, SKU-EC-1221, SKU-EC-1237, SKU-EC-1253, SKU-EC-1269",Tier-1,Low,ISO9001;AEC-Q100;RoHS,"Audit overdue; compliance review, Currency volatility flag, Port congestion risk, Tariff adjustment pending",SUP-034,2024-08-03,17,23.82,42,93.72,88.9,0.74,1.67,89.71,80,83.59,73,943358.32,55491.67,151403,140142,931,93.0,0.99,90,80,True,True,False,True,False,False,False
SUP-052,Lyon Polymer SAS,EMEA,France,Raw Materials,"SKU-RM-1006, SKU-RM-1027, SKU-RM-1048, SKU-RM-1069, SKU-RM-1090, SKU-RM-1111, SKU-RM-1132, SKU-RM-1153, SKU-RM-1174, SKU-RM-1195, SKU-RM-1216, SKU-RM-1237, SKU-RM-1258, SKU-RM-1279, SKU-RM-1300, SKU-RM-1321, SKU-RM-1342",Tier-1,Low,ISO9001;ISO14001;REACH,"Export license risk, Geopolitical tension flag, Port congestion risk, Regulatory enforcement pending, Seasonal flood risk, Tariff adjustment pending",SUP-011,2024-08-29,17,23.53,40,93.34,88.2,0.91,1.68,87.94,80,81.59,70,1493177.51,87833.97,119392,111257,1125,93.0,0.99,90,80,True,True,False,True,False,False,False
SUP-053,Bordeaux Pack SAS,EMEA,France,Packaging Materials,"SKU-PM-1009, SKU-PM-1034, SKU-PM-1059, SKU-PM-1084, SKU-PM-1109, SKU-PM-1134, SKU-PM-1159, SKU-PM-1184, SKU-PM-1209, SKU-PM-1234, SKU-PM-1259, SKU-PM-1284, SKU-PM-1309, SKU-PM-1334, SKU-PM-1359, SKU-PM-1384, SKU-PM-1409",Tier-2,Medium,FSC;ISO14001;ISO9001,"Audit overdue; compliance review, Geopolitical tension flag, Labour strike risk, Regulatory audit pending, Seasonal flood risk, Tariff adjustment pending, Typhoon season disruption",SUP-082,2024-08-16,17,23.76,35,87.4,80.6,1.9,3.15,78.35,67,69.41,55,703614.84,41389.11,361442,318588,6381,84.0,2.5,75,60,True,True,True,True,False,False,False
SUP-054,Lumivex Semiconductor NL,EMEA,Netherlands,Electronic Components,"SKU-EC-1014, SKU-EC-1030, SKU-EC-1046, SKU-EC-1062, SKU-EC-1078, SKU-EC-1094, SKU-EC-1110, SKU-EC-1126, SKU-EC-1142, SKU-EC-1158, SKU-EC-1174, SKU-EC-1190, SKU-EC-1206, SKU-EC-1222, SKU-EC-1238, SKU-EC-1254, SKU-EC-1270",Tier-1,Low,ISO9001;AEC-Q100;RoHS,"Export license risk, Labour strike risk, Political instability flag, Port congestion risk, Regulatory audit pending, Tariff adjustment pending",SUP-003,2024-08-15,17,26.71,40,93.16,88.0,0.92,1.74,88.12,81,83.82,70,922977.08,54292.77,135282,126016,1169,93.0,0.99,90,80,True,True,False,True,False,False,False
SUP-055,Rotterdam Chem BV,EMEA,Netherlands,Raw Materials,"SKU-RM-1007, SKU-RM-1028, SKU-RM-1049, SKU-RM-1070, SKU-RM-1091, SKU-RM-1112, SKU-RM-1133, SKU-RM-1154, SKU-RM-1175, SKU-RM-1196, SKU-RM-1217, SKU-RM-1238, SKU-RM-1259, SKU-RM-1280, SKU-RM-1301, SKU-RM-1322, SKU-RM-1343",Tier-1,Low,ISO9001;ISO14001;REACH,"Port closure risk, Tariff adjustment pending",SUP-043,2024-09-13,17,25.12,42,93.24,88.7,0.78,1.6,90.76,80,82.71,70,1737233.78,102190.22,142597,131538,1313,93.0,0.99,90,80,True,True,True,True,False,False,False
SUP-056,Solveig Eco Packaging,EMEA,Sweden,Packaging Materials,"SKU-PM-1010, SKU-PM-1035, SKU-PM-1060, SKU-PM-1085, SKU-PM-1110, SKU-PM-1135, SKU-PM-1160, SKU-PM-1185, SKU-PM-1210, SKU-PM-1235, SKU-PM-1260, SKU-PM-1285, SKU-PM-1310, SKU-PM-1335, SKU-PM-1360, SKU-PM-1385, SKU-PM-1410",Tier-1,Low,FSC;ISO14001;ISO9001,"Port congestion risk, Regulatory audit pending, Tariff adjustment pending",SUP-002,2024-09-15,17,22.76,41,94.03,88.7,0.94,1.79,88.88,80,87.06,74,306239.11,18014.07,144992,136519,1376,93.0,0.99,90,80,True,True,False,True,False,False,False
SUP-057,Norrsken Textiles AB,EMEA,Sweden,Industrial Textiles,"SKU-IT-1007, SKU-IT-1023, SKU-IT-1039, SKU-IT-1055, SKU-IT-1071, SKU-IT-1087, SKU-IT-1103, SKU-IT-1119, SKU-IT-1135, SKU-IT-1151, SKU-IT-1167, SKU-IT-1183, SKU-IT-1199, SKU-IT-1215, SKU-IT-1231, SKU-IT-1247, SKU-IT-1263",Tier-1,Medium,OEKO-TEX;ISO9001;ISO14001,"Currency volatility flag, Geopolitical tension flag, Labour strike risk, Port congestion risk, Regulatory audit pending, Seasonal flood risk",SUP-005,2024-09-21,17,21.76,39,94.22,89.0,1.01,1.68,88.24,80,89.29,76,509745.89,29985.05,136161,129466,1270,93.0,0.99,90,80,True,False,False,True,False,False,False
SUP-058,Norbec Alloy Works,EMEA,Norway,Specialty Alloys,"SKU-SA-1008, SKU-SA-1027, SKU-SA-1046, SKU-SA-1065, SKU-SA-1084, SKU-SA-1103, SKU-SA-1122, SKU-SA-1141, SKU-SA-1160, SKU-SA-1179, SKU-SA-1198, SKU-SA-1217, SKU-SA-1236, SKU-SA-1255, SKU-SA-1274, SKU-SA-1293, SKU-SA-1312",Tier-1,Low,ISO9001;ISO14001;AS9100,"Political instability flag, Regulatory enforcement pending, Seasonal flood risk, Tariff adjustment pending",SUP-006,2024-09-04,17,26.06,41,93.42,89.0,1.02,1.75,91.35,84,84.12,70,2735906.82,160935.7,124613,117346,1345,93.0,0.99,90,80,True,False,True,True,False,False,False
SUP-059,Fjord Polymer AS,EMEA,Norway,Raw Materials,"SKU-RM-1008, SKU-RM-1029, SKU-RM-1050, SKU-RM-1071, SKU-RM-1092, SKU-RM-1113, SKU-RM-1134, SKU-RM-1155, SKU-RM-1176, SKU-RM-1197, SKU-RM-1218, SKU-RM-1239, SKU-RM-1260, SKU-RM-1281, SKU-RM-1302, SKU-RM-1323, SKU-RM-1344",Tier-1,Low,ISO9001;ISO14001;REACH,"Export license risk, Port closure risk, Seasonal flood risk, Tariff adjustment pending",SUP-092,2024-09-01,17,21.0,41,93.33,88.4,0.97,1.65,88.53,80,85.06,70,1391817.88,81871.64,109098,101337,1093,93.0,0.99,90,80,True,True,False,True,False,False,False
SUP-060,Nordloom Finland Oy,EMEA,Finland,Industrial Textiles,"SKU-IT-1008, SKU-IT-1024, SKU-IT-1040, SKU-IT-1056, SKU-IT-1072, SKU-IT-1088, SKU-IT-1104, SKU-IT-1120, SKU-IT-1136, SKU-IT-1152, SKU-IT-1168, SKU-IT-1184, SKU-IT-1200, SKU-IT-1216, SKU-IT-1232, SKU-IT-1248, SKU-IT-1264",Tier-1,Medium,OEKO-TEX;ISO9001;ISO14001,"Audit overdue; compliance review, Geopolitical tension flag, Seasonal flood risk, Tariff adjustment pending",SUP-005,2024-06-10,17,25.71,42,94.43,88.6,1.06,1.71,90.47,80,83.12,70,406982.47,23940.15,119434,112397,1205,93.0,0.99,90,80,True,False,True,True,False,False,False
SUP-061,Helsinki Pack Oy,EMEA,Finland,Packaging Materials,"SKU-PM-1011, SKU-PM-1036, SKU-PM-1061, SKU-PM-1086, SKU-PM-1111, SKU-PM-1136, SKU-PM-1161, SKU-PM-1186, SKU-PM-1211, SKU-PM-1236, SKU-PM-1261, SKU-PM-1286, SKU-PM-1311, SKU-PM-1336, SKU-PM-1361, SKU-PM-1386, SKU-PM-1411",Tier-2,Medium,FSC;ISO9001,"Political instability flag, Port closure risk, Port congestion risk, Regulatory audit pending, Regulatory enforcement pending, Seasonal flood risk, Typhoon season disruption",SUP-003,2024-07-15,17,28.76,42,84.88,78.0,1.54,3.03,76.76,69,64.35,48,694215.92,40836.23,433751,368287,5786,84.0,2.5,75,60,True,True,True,True,False,False,False
SUP-062,Borealis Composites,EMEA,Denmark,Raw Materials,"SKU-RM-1009, SKU-RM-1030, SKU-RM-1051, SKU-RM-1072, SKU-RM-1093, SKU-RM-1114, SKU-RM-1135, SKU-RM-1156, SKU-RM-1177, SKU-RM-1198, SKU-RM-1219, SKU-RM-1240, SKU-RM-1261, SKU-RM-1282, SKU-RM-1303, SKU-RM-1324, SKU-RM-1345",Tier-1,Low,ISO9001;ISO14001;REACH,"Currency volatility flag, Geopolitical tension flag, Port closure risk, Port congestion risk, Regulatory audit pending, Typhoon season disruption",SUP-051,2024-09-12,17,22.0,32,93.62,88.2,0.94,1.71,88.65,80,85.88,74,1699860.45,99991.79,145566,136122,1335,93.0,0.99,90,80,True,True,False,True,False,False,False
SUP-063,Elsinor Pack AS,EMEA,Denmark,Packaging Materials,"SKU-PM-1012, SKU-PM-1037, SKU-PM-1062, SKU-PM-1087, SKU-PM-1112, SKU-PM-1137, SKU-PM-1162, SKU-PM-1187, SKU-PM-1212, SKU-PM-1237, SKU-PM-1262, SKU-PM-1287, SKU-PM-1312, SKU-PM-1337, SKU-PM-1362, SKU-PM-1387, SKU-PM-1412",Tier-2,Low,FSC;ISO9001,"Audit overdue; compliance review, Geopolitical tension flag, Political instability flag, Port congestion risk, Regulatory audit pending, Regulatory enforcement pending, Tariff adjustment pending, Typhoon season disruption",SUP-038,2024-09-24,17,25.59,41,87.76,80.5,1.85,3.08,82.94,71,67.18,51,914050.56,53767.68,413223,368171,7520,84.0,2.5,75,60,True,True,True,True,False,False,False
SUP-064,Ostwind Composites AG,EMEA,Austria,Raw Materials,"SKU-RM-1010, SKU-RM-1031, SKU-RM-1052, SKU-RM-1073, SKU-RM-1094, SKU-RM-1115, SKU-RM-1136, SKU-RM-1157, SKU-RM-1178, SKU-RM-1199, SKU-RM-1220, SKU-RM-1241, SKU-RM-1262, SKU-RM-1283, SKU-RM-1304, SKU-RM-1325, SKU-RM-1346",Tier-1,Low,ISO9001;ISO14001;REACH,"Currency volatility flag, Geopolitical tension flag, Regulatory audit pending, Regulatory enforcement pending, Tariff adjustment pending, Typhoon season disruption",SUP-084,2024-09-09,17,23.53,41,93.65,88.2,1.08,1.78,89.82,80,85.0,71,1402260.91,82485.94,120087,114028,1442,93.0,0.99,90,80,True,False,False,True,False,False,False
SUP-065,Wiener Alloy GmbH,EMEA,Austria,Specialty Alloys,"SKU-SA-1009, SKU-SA-1028, SKU-SA-1047, SKU-SA-1066, SKU-SA-1085, SKU-SA-1104, SKU-SA-1123, SKU-SA-1142, SKU-SA-1161, SKU-SA-1180, SKU-SA-1199, SKU-SA-1218, SKU-SA-1237, SKU-SA-1256, SKU-SA-1275, SKU-SA-1294, SKU-SA-1313",Tier-2,Low,ISO9001;NADCAP,"Export license risk, Geopolitical tension flag, Port congestion risk, Typhoon season disruption",SUP-048,2024-08-17,17,29.12,41,86.18,78.0,1.71,3.12,80.76,69,63.71,48,8141932.49,478937.21,342216,294154,5972,84.0,2.5,75,60,True,True,True,True,False,False,False
SUP-066,Valdoro Special Alloys,EMEA,Italy,Specialty Alloys,"SKU-SA-1010, SKU-SA-1029, SKU-SA-1048, SKU-SA-1067, SKU-SA-1086, SKU-SA-1105, SKU-SA-1124, SKU-SA-1143, SKU-SA-1162, SKU-SA-1181, SKU-SA-1200, SKU-SA-1219, SKU-SA-1238, SKU-SA-1257, SKU-SA-1276, SKU-SA-1295, SKU-SA-1314",Tier-1,Low,ISO9001;ISO14001;NADCAP,"Audit overdue; compliance review, Port closure risk, Port congestion risk, Regulatory audit pending, Typhoon season disruption",SUP-047,2024-06-16,17,27.82,41,94.48,88.7,0.88,1.64,88.53,80,84.59,70,2790200.18,164129.42,123225,115946,1004,93.0,0.99,90,80,True,True,False,True,False,False,False
SUP-067,Braccio Metalli SpA,EMEA,Italy,Specialty Alloys,"SKU-SA-1011, SKU-SA-1030, SKU-SA-1049, SKU-SA-1068, SKU-SA-1087, SKU-SA-1106, SKU-SA-1125, SKU-SA-1144, SKU-SA-1163, SKU-SA-1182, SKU-SA-1201, SKU-SA-1220, SKU-SA-1239, SKU-SA-1258, SKU-SA-1277, SKU-SA-1296, SKU-SA-1315",Tier-2,Medium,ISO9001;NADCAP,"Audit overdue; compliance review, Currency volatility flag, Geopolitical tension flag, Port congestion risk, Regulatory audit pending",SUP-019,2024-09-09,17,25.88,39,86.27,78.5,1.79,3.15,78.0,69,68.41,48,9625790.67,566222.98,540266,468615,10110,84.0,2.5,75,60,True,True,True,True,False,False,False
SUP-068,Milano Textil Srl,EMEA,Italy,Industrial Textiles,"SKU-IT-1009, SKU-IT-1025, SKU-IT-1041, SKU-IT-1057, SKU-IT-1073, SKU-IT-1089, SKU-IT-1105, SKU-IT-1121, SKU-IT-1137, SKU-IT-1153, SKU-IT-1169, SKU-IT-1185, SKU-IT-1201, SKU-IT-1217, SKU-IT-1233, SKU-IT-1249, SKU-IT-1265",Tier-2,High,OEKO-TEX;ISO9001,"Currency volatility flag, Export license risk, Geopolitical tension flag, Labour strike risk, Port closure risk, Port congestion risk, Seasonal flood risk, Tariff adjustment pending, Typhoon season disruption",SUP-057,2024-07-06,17,28.06,41,83.36,78.4,1.79,3.1,79.0,67,68.18,49,1701983.81,100116.69,444970,368341,7847,84.0,2.5,75,60,False,True,True,True,False,False,True
SUP-069,Ibervex Quimica SL,EMEA,Spain,Raw Materials,"SKU-RM-1011, SKU-RM-1032, SKU-RM-1053, SKU-RM-1074, SKU-RM-1095, SKU-RM-1116, SKU-RM-1137, SKU-RM-1158, SKU-RM-1179, SKU-RM-1200, SKU-RM-1221, SKU-RM-1242, SKU-RM-1263, SKU-RM-1284, SKU-RM-1305, SKU-RM-1326, SKU-RM-1347",Tier-2,Medium,ISO9001;REACH,"Audit overdue; compliance review, Geopolitical tension flag, Labour strike risk, Port congestion risk, Regulatory audit pending, Seasonal flood risk, Tariff adjustment pending",SUP-076,2024-09-09,17,24.82,36,87.61,78.8,1.69,2.92,78.88,68,62.76,48,5194200.22,305541.19,402038,359265,6297,84.0,2.5,75,60,True,True,True,True,False,False,False
SUP-070,Catalan Pack SA,EMEA,Spain,Packaging Materials,"SKU-PM-1013, SKU-PM-1038, SKU-PM-1063, SKU-PM-1088, SKU-PM-1113, SKU-PM-1138, SKU-PM-1163, SKU-PM-1188, SKU-PM-1213, SKU-PM-1238, SKU-PM-1263, SKU-PM-1288, SKU-PM-1313, SKU-PM-1338, SKU-PM-1363, SKU-PM-1388, SKU-PM-1413",Tier-2,Low,FSC;ISO9001,"Currency volatility flag, Geopolitical tension flag, Labour strike risk, Port closure risk, Port congestion risk, Regulatory audit pending, Regulatory enforcement pending",SUP-005,2024-06-02,17,27.18,42,86.92,78.5,1.82,3.16,77.88,68,69.06,55,733839.09,43167.01,402747,351290,7044,84.0,2.5,75,60,True,True,True,True,False,False,False
SUP-071,Ferralux Gulf FZE,EMEA,UAE,Specialty Alloys,"SKU-SA-1012, SKU-SA-1031, SKU-SA-1050, SKU-SA-1069, SKU-SA-1088, SKU-SA-1107, SKU-SA-1126, SKU-SA-1145, SKU-SA-1164, SKU-SA-1183, SKU-SA-1202, SKU-SA-1221, SKU-SA-1240, SKU-SA-1259, SKU-SA-1278, SKU-SA-1297, SKU-SA-1316",Tier-2,Low,ISO9001;ISO14001,"Currency volatility flag, Labour strike risk, Port closure risk, Regulatory audit pending, Regulatory enforcement pending, Seasonal flood risk, Tariff adjustment pending",SUP-006,2024-09-09,17,21.82,42,87.91,78.4,1.84,3.0,79.18,68,67.88,49,9525326.57,560313.33,419478,369886,8396,84.0,2.5,75,60,True,True,True,True,False,False,False
SUP-072,Almaral Steel FZC,EMEA,UAE,Specialty Alloys,"SKU-SA-1013, SKU-SA-1032, SKU-SA-1051, SKU-SA-1070, SKU-SA-1089, SKU-SA-1108, SKU-SA-1127, SKU-SA-1146, SKU-SA-1165, SKU-SA-1184, SKU-SA-1203, SKU-SA-1222, SKU-SA-1241, SKU-SA-1260, SKU-SA-1279, SKU-SA-1298, SKU-SA-1317",Tier-2,Medium,ISO9001,"Audit overdue; compliance review, Currency volatility flag, Geopolitical tension flag, Political instability flag, Port closure risk, Port congestion risk, Regulatory audit pending, Regulatory enforcement pending, Tariff adjustment pending",SUP-057,2024-09-17,17,26.53,35,85.75,78.4,1.74,3.08,79.94,67,65.35,48,9330113.92,548830.23,446079,382650,8560,84.0,2.5,75,60,True,True,True,True,False,False,False
SUP-073,Dubai Pack FZE,EMEA,UAE,Packaging Materials,"SKU-PM-1014, SKU-PM-1039, SKU-PM-1064, SKU-PM-1089, SKU-PM-1114, SKU-PM-1139, SKU-PM-1164, SKU-PM-1189, SKU-PM-1214, SKU-PM-1239, SKU-PM-1264, SKU-PM-1289, SKU-PM-1314, SKU-PM-1339, SKU-PM-1364, SKU-PM-1389, SKU-PM-1414",Tier-2,Medium,FSC;ISO9001,"Export license risk, Geopolitical tension flag, Political instability flag, Port closure risk, Port congestion risk, Regulatory audit pending, Regulatory enforcement pending, Tariff adjustment pending, Typhoon season disruption",SUP-007,2024-09-14,17,24.65,41,86.69,80.4,1.84,3.11,82.47,67,68.94,48,1238050.32,72826.49,574572,499530,10499,84.0,2.5,75,60,True,True,True,True,False,False,False
SUP-074,Novex Fab Polska,EMEA,Poland,Mechanical Components,"SKU-MC-1013, SKU-MC-1032, SKU-MC-1051, SKU-MC-1070, SKU-MC-1089, SKU-MC-1108, SKU-MC-1127, SKU-MC-1146, SKU-MC-1165, SKU-MC-1184, SKU-MC-1203, SKU-MC-1222, SKU-MC-1241, SKU-MC-1260, SKU-MC-1279, SKU-MC-1298, SKU-MC-1317",Tier-2,Low,ISO9001,"Currency volatility flag, Export license risk, Political instability flag, Port congestion risk, Typhoon season disruption",SUP-080,2024-09-20,17,26.82,42,88.39,79.4,1.96,3.09,75.94,67,69.47,51,2004703.11,117923.71,457716,409801,8945,84.0,2.5,75,60,True,True,True,True,False,False,False
SUP-075,Vistula Pack Sp,EMEA,Poland,Packaging Materials,"SKU-PM-1015, SKU-PM-1040, SKU-PM-1065, SKU-PM-1090, SKU-PM-1115, SKU-PM-1140, SKU-PM-1165, SKU-PM-1190, SKU-PM-1215, SKU-PM-1240, SKU-PM-1265, SKU-PM-1290, SKU-PM-1315, SKU-PM-1340, SKU-PM-1365, SKU-PM-1390, SKU-PM-1415",Tier-3,High,FSC;ISO9001,"Audit overdue; compliance review, Currency volatility flag, Export license risk, Geopolitical tension flag, Labour strike risk, Port closure risk, Regulatory audit pending, Regulatory enforcement pending, Seasonal flood risk, Tariff adjustment pending, Typhoon season disruption",SUP-096,2024-09-27,17,32.29,49,72.49,61.3,3.2,4.43,62.76,52,47.53,34,1177759.34,69279.96,458480,334994,14138,75.0,4.0,60,45,False,True,True,True,True,False,True
SUP-076,BalticPrint OU,EMEA,Estonia,Packaging Materials,"SKU-PM-1016, SKU-PM-1041, SKU-PM-1066, SKU-PM-1091, SKU-PM-1116, SKU-PM-1141, SKU-PM-1166, SKU-PM-1191, SKU-PM-1216, SKU-PM-1241, SKU-PM-1266, SKU-PM-1291, SKU-PM-1316, SKU-PM-1341, SKU-PM-1366, SKU-PM-1391, SKU-PM-1416",Tier-2,Medium,FSC;ISO9001,"Export license risk, Geopolitical tension flag, Regulatory enforcement pending, Seasonal flood risk, Tariff adjustment pending, Typhoon season disruption",SUP-003,2024-09-21,17,30.29,42,85.82,79.4,1.93,3.15,78.76,70,68.71,52,1192267.4,70133.38,505134,435739,9640,84.0,2.5,75,60,True,True,True,True,False,False,False
SUP-077,Kovalev Metalburg,EMEA,Czechia,Mechanical Components,"SKU-MC-1014, SKU-MC-1033, SKU-MC-1052, SKU-MC-1071, SKU-MC-1090, SKU-MC-1109, SKU-MC-1128, SKU-MC-1147, SKU-MC-1166, SKU-MC-1185, SKU-MC-1204, SKU-MC-1223, SKU-MC-1242, SKU-MC-1261, SKU-MC-1280, SKU-MC-1299, SKU-MC-1318",Tier-2,Medium,ISO9001;IATF16949,"Export license risk, Geopolitical tension flag, Port congestion risk, Seasonal flood risk, Tariff adjustment pending",SUP-002,2024-09-20,17,29.18,42,85.41,78.3,1.45,2.89,80.71,69,66.29,49,2307546.66,135738.04,438811,378687,7022,84.0,2.5,75,60,True,True,True,True,False,False,False
SUP-078,Varna Electronics EAD,EMEA,Bulgaria,Electronic Components,"SKU-EC-1015, SKU-EC-1031, SKU-EC-1047, SKU-EC-1063, SKU-EC-1079, SKU-EC-1095, SKU-EC-1111, SKU-EC-1127, SKU-EC-1143, SKU-EC-1159, SKU-EC-1175, SKU-EC-1191, SKU-EC-1207, SKU-EC-1223, SKU-EC-1239, SKU-EC-1255, SKU-EC-1271",Tier-3,High,ISO9001;RoHS,"Labour strike risk, Political instability flag, Port closure risk, Port congestion risk, Regulatory audit pending, Regulatory enforcement pending, Tariff adjustment pending, Typhoon season disruption",SUP-047,2024-09-28,17,35.41,51,74.42,62.4,2.64,4.29,64.12,52,43.65,31,4647913.6,273406.68,587632,445190,16406,75.0,4.0,60,45,False,True,True,False,True,True,True
SUP-079,Helios Pack Greece,EMEA,Greece,Packaging Materials,"SKU-PM-1017, SKU-PM-1042, SKU-PM-1067, SKU-PM-1092, SKU-PM-1117, SKU-PM-1142, SKU-PM-1167, SKU-PM-1192, SKU-PM-1217, SKU-PM-1242, SKU-PM-1267, SKU-PM-1292, SKU-PM-1317, SKU-PM-1342, SKU-PM-1367, SKU-PM-1392, SKU-PM-1417",Tier-3,High,ISO9001,"Audit overdue; compliance review, Currency volatility flag, Export license risk, Geopolitical tension flag, Labour strike risk, Port congestion risk, Regulatory audit pending, Regulatory enforcement pending, Typhoon season disruption",SUP-035,2024-08-03,17,37.94,50,75.86,64.8,2.71,4.31,62.41,52,45.59,32,1287023.57,75707.27,640718,485943,16630,75.0,4.0,60,45,True,True,True,True,True,False,True
SUP-080,Maghreb Castworks,EMEA,Morocco,Mechanical Components,"SKU-MC-1015, SKU-MC-1034, SKU-MC-1053, SKU-MC-1072, SKU-MC-1091, SKU-MC-1110, SKU-MC-1129, SKU-MC-1148, SKU-MC-1167, SKU-MC-1186, SKU-MC-1205, SKU-MC-1224, SKU-MC-1243, SKU-MC-1262, SKU-MC-1281, SKU-MC-1300, SKU-MC-1319",Tier-3,High,ISO9001,"Audit overdue; compliance review, Currency volatility flag, Export license risk, Geopolitical tension flag, Labour strike risk, Port closure risk, Regulatory enforcement pending, Tariff adjustment pending, Typhoon season disruption",SUP-048,2024-09-05,17,32.59,52,72.54,61.7,2.85,4.49,59.88,50,45.47,30,3332740.62,196043.57,668776,488484,19135,75.0,4.0,60,45,False,True,False,True,True,False,True
SUP-081,Lisbon Polymer Lda,EMEA,Portugal,Raw Materials,"SKU-RM-1012, SKU-RM-1033, SKU-RM-1054, SKU-RM-1075, SKU-RM-1096, SKU-RM-1117, SKU-RM-1138, SKU-RM-1159, SKU-RM-1180, SKU-RM-1201, SKU-RM-1222, SKU-RM-1243, SKU-RM-1264, SKU-RM-1285, SKU-RM-1306, SKU-RM-1327, SKU-RM-1348",Tier-2,Medium,ISO9001;REACH,"Export license risk, Geopolitical tension flag, Political instability flag, Port congestion risk, Regulatory enforcement pending, Seasonal flood risk, Tariff adjustment pending",SUP-009,2024-09-18,17,23.76,35,87.29,78.7,2.06,3.12,78.06,67,65.53,49,6208222.51,365189.56,473388,414786,9964,84.0,2.5,75,60,True,True,True,True,False,False,False
SUP-082,Veltara Packing Solutions,LATAM,Brazil,Packaging Materials,"SKU-PM-1018, SKU-PM-1043, SKU-PM-1068, SKU-PM-1093, SKU-PM-1118, SKU-PM-1143, SKU-PM-1168, SKU-PM-1193, SKU-PM-1218, SKU-PM-1243, SKU-PM-1268, SKU-PM-1293, SKU-PM-1318, SKU-PM-1343, SKU-PM-1368, SKU-PM-1393, SKU-PM-1418",Tier-2,Medium,FSC;ISO9001,"Audit overdue; compliance review, Currency volatility flag, Geopolitical tension flag, Port closure risk, Port congestion risk, Regulatory audit pending, Regulatory enforcement pending, Tariff adjustment pending",SUP-079,2024-09-08,17,24.59,42,85.25,78.2,1.56,3.15,79.94,70,71.06,54,916686.63,53922.74,412852,352913,5866,84.0,2.5,75,60,True,True,True,True,False,False,False
SUP-083,Sao Paulo Polymer,LATAM,Brazil,Raw Materials,"SKU-RM-1013, SKU-RM-1034, SKU-RM-1055, SKU-RM-1076, SKU-RM-1097, SKU-RM-1118, SKU-RM-1139, SKU-RM-1160, SKU-RM-1181, SKU-RM-1202, SKU-RM-1223, SKU-RM-1244, SKU-RM-1265, SKU-RM-1286, SKU-RM-1307, SKU-RM-1328, SKU-RM-1349",Tier-2,Medium,ISO9001,"Audit overdue; compliance review, Geopolitical tension flag, Port closure risk, Regulatory enforcement pending, Seasonal flood risk, Tariff adjustment pending, Typhoon season disruption",SUP-020,2024-09-16,17,26.88,42,86.93,79.7,1.87,3.11,82.59,69,66.35,48,5124519.22,301442.31,451924,390316,9760,84.0,2.5,75,60,True,True,True,True,False,False,False
SUP-084,Recife Textiles SA,LATAM,Brazil,Industrial Textiles,"SKU-IT-1010, SKU-IT-1026, SKU-IT-1042, SKU-IT-1058, SKU-IT-1074, SKU-IT-1090, SKU-IT-1106, SKU-IT-1122, SKU-IT-1138, SKU-IT-1154, SKU-IT-1170, SKU-IT-1186, SKU-IT-1202, SKU-IT-1218, SKU-IT-1234, SKU-IT-1250, SKU-IT-1266",Tier-2,Medium,OEKO-TEX;ISO9001,"Geopolitical tension flag, Port closure risk, Port congestion risk, Regulatory audit pending, Regulatory enforcement pending, Seasonal flood risk, Typhoon season disruption",SUP-037,2024-08-12,17,25.47,40,86.84,79.4,1.73,2.78,77.18,67,68.0,49,1086569.5,63915.85,374187,321823,6115,84.0,2.5,75,60,True,True,True,True,False,False,False
SUP-085,Minas Gerais Alloys,LATAM,Brazil,Specialty Alloys,"SKU-SA-1014, SKU-SA-1033, SKU-SA-1052, SKU-SA-1071, SKU-SA-1090, SKU-SA-1109, SKU-SA-1128, SKU-SA-1147, SKU-SA-1166, SKU-SA-1185, SKU-SA-1204, SKU-SA-1223, SKU-SA-1242, SKU-SA-1261, SKU-SA-1280, SKU-SA-1299, SKU-SA-1318",Tier-2,Medium,ISO9001,"Currency volatility flag, Geopolitical tension flag, Labour strike risk, Port congestion risk, Regulatory audit pending, Seasonal flood risk, Typhoon season disruption",SUP-001,2024-09-29,17,26.76,42,84.69,79.7,2.0,3.14,80.35,67,66.53,52,8225174.12,483833.77,402961,342741,8164,84.0,2.5,75,60,True,True,True,True,False,False,False
SUP-086,Tecovar Industrial Textiles,LATAM,Mexico,Industrial Textiles,"SKU-IT-1011, SKU-IT-1027, SKU-IT-1043, SKU-IT-1059, SKU-IT-1075, SKU-IT-1091, SKU-IT-1107, SKU-IT-1123, SKU-IT-1139, SKU-IT-1155, SKU-IT-1171, SKU-IT-1187, SKU-IT-1203, SKU-IT-1219, SKU-IT-1235, SKU-IT-1251, SKU-IT-1267",Tier-2,Medium,OEKO-TEX;ISO9001,"Currency volatility flag, Export license risk, Geopolitical tension flag, Port congestion risk, Regulatory audit pending, Typhoon season disruption",SUP-006,2024-08-22,17,27.65,41,86.68,78.1,1.92,3.12,82.18,71,63.94,50,1958107.99,115182.82,504362,433986,9572,84.0,2.5,75,60,True,True,True,True,False,False,False
SUP-087,Guadalajara Mold Co,LATAM,Mexico,Mechanical Components,"SKU-MC-1016, SKU-MC-1035, SKU-MC-1054, SKU-MC-1073, SKU-MC-1092, SKU-MC-1111, SKU-MC-1130, SKU-MC-1149, SKU-MC-1168, SKU-MC-1187, SKU-MC-1206, SKU-MC-1225, SKU-MC-1244, SKU-MC-1263, SKU-MC-1282, SKU-MC-1301, SKU-MC-1320",Tier-2,Low,ISO9001;IATF16949,"Geopolitical tension flag, Port congestion risk, Tariff adjustment pending, Typhoon season disruption",SUP-006,2024-09-16,17,26.12,38,84.83,78.4,2.06,3.16,81.65,68,65.35,48,2136677.95,125686.94,395034,334301,8338,84.0,2.5,75,60,True,True,True,True,False,False,False
SUP-088,Monterrey Pack SA,LATAM,Mexico,Packaging Materials,"SKU-PM-1019, SKU-PM-1044, SKU-PM-1069, SKU-PM-1094, SKU-PM-1119, SKU-PM-1144, SKU-PM-1169, SKU-PM-1194, SKU-PM-1219, SKU-PM-1244, SKU-PM-1269, SKU-PM-1294, SKU-PM-1319, SKU-PM-1344, SKU-PM-1369, SKU-PM-1394, SKU-PM-1419",Tier-2,Medium,FSC;ISO9001,"Port closure risk, Port congestion risk, Regulatory audit pending, Regulatory enforcement pending, Seasonal flood risk, Tariff adjustment pending, Typhoon season disruption",SUP-002,2024-09-13,17,29.47,42,86.99,80.8,1.89,3.03,77.06,67,67.12,51,1022512.74,60147.81,553917,480500,10169,84.0,2.5,75,60,True,True,True,True,False,False,False
SUP-089,Yucatan Polymer Mfg,LATAM,Mexico,Raw Materials,"SKU-RM-1014, SKU-RM-1035, SKU-RM-1056, SKU-RM-1077, SKU-RM-1098, SKU-RM-1119, SKU-RM-1140, SKU-RM-1161, SKU-RM-1182, SKU-RM-1203, SKU-RM-1224, SKU-RM-1245, SKU-RM-1266, SKU-RM-1287, SKU-RM-1308, SKU-RM-1329, SKU-RM-1350",Tier-3,High,ISO9001,"Currency volatility flag, Geopolitical tension flag, Labour strike risk, Port closure risk, Seasonal flood risk, Tariff adjustment pending, Typhoon season disruption",SUP-019,2024-09-02,17,34.24,52,72.27,60.7,3.08,4.2,64.47,50,49.18,32,8442197.7,496599.86,711229,522368,22379,75.0,4.0,60,45,False,True,True,True,True,False,True
SUP-090,Plataforma Metales SA,LATAM,Argentina,Raw Materials,"SKU-RM-1015, SKU-RM-1036, SKU-RM-1057, SKU-RM-1078, SKU-RM-1099, SKU-RM-1120, SKU-RM-1141, SKU-RM-1162, SKU-RM-1183, SKU-RM-1204, SKU-RM-1225, SKU-RM-1246, SKU-RM-1267, SKU-RM-1288, SKU-RM-1309, SKU-RM-1330, SKU-RM-1351",Tier-3,High,ISO9001,"Audit overdue; compliance review, Currency volatility flag, Export license risk, Geopolitical tension flag, Labour strike risk, Political instability flag, Port closure risk, Regulatory audit pending, Regulatory enforcement pending, Seasonal flood risk",SUP-018,2024-09-21,17,34.94,50,72.94,60.0,3.43,4.45,65.24,51,49.12,32,8108557.46,476973.97,648452,489736,21928,75.0,4.0,60,45,False,True,True,True,True,False,True
SUP-091,Patagonia Alloys SRL,LATAM,Argentina,Specialty Alloys,"SKU-SA-1015, SKU-SA-1034, SKU-SA-1053, SKU-SA-1072, SKU-SA-1091, SKU-SA-1110, SKU-SA-1129, SKU-SA-1148, SKU-SA-1167, SKU-SA-1186, SKU-SA-1205, SKU-SA-1224, SKU-SA-1243, SKU-SA-1262, SKU-SA-1281, SKU-SA-1300, SKU-SA-1319",Tier-3,High,ISO9001,"Audit overdue; compliance review, Currency volatility flag, Export license risk, Geopolitical tension flag, Labour strike risk, Political instability flag, Regulatory audit pending, Seasonal flood risk, Tariff adjustment pending",SUP-106,2024-09-21,17,30.47,46,72.12,60.9,3.12,4.5,64.06,50,47.24,31,13980886.91,822405.11,667263,478094,19883,75.0,4.0,60,45,False,True,True,True,True,False,True
SUP-092,Buenos Aires Pack,LATAM,Argentina,Packaging Materials,"SKU-PM-1020, SKU-PM-1045, SKU-PM-1070, SKU-PM-1095, SKU-PM-1120, SKU-PM-1145, SKU-PM-1170, SKU-PM-1195, SKU-PM-1220, SKU-PM-1245, SKU-PM-1270, SKU-PM-1295, SKU-PM-1320, SKU-PM-1345, SKU-PM-1370, SKU-PM-1395, SKU-PM-1420",Tier-3,High,ISO9001,"Audit overdue; compliance review, Export license risk, Labour strike risk, Port closure risk, Port congestion risk, Regulatory audit pending, Regulatory enforcement pending, Seasonal flood risk, Typhoon season disruption",SUP-009,2024-08-27,17,36.06,51,72.39,62.2,2.52,4.41,59.18,50,49.59,31,1439440.11,84672.95,696859,504004,17435,75.0,4.0,60,45,False,True,False,True,True,False,True
SUP-093,Andino Fiber Corp,LATAM,Colombia,Industrial Textiles,"SKU-IT-1012, SKU-IT-1028, SKU-IT-1044, SKU-IT-1060, SKU-IT-1076, SKU-IT-1092, SKU-IT-1108, SKU-IT-1124, SKU-IT-1140, SKU-IT-1156, SKU-IT-1172, SKU-IT-1188, SKU-IT-1204, SKU-IT-1220, SKU-IT-1236, SKU-IT-1252, SKU-IT-1268",Tier-2,Medium,OEKO-TEX;ISO9001,"Audit overdue; compliance review, Currency volatility flag, Export license risk, Political instability flag, Port congestion risk, Regulatory audit pending, Seasonal flood risk, Tariff adjustment pending",SUP-005,2024-09-29,17,29.41,41,87.52,78.2,1.94,3.1,78.71,67,62.41,50,1682976.65,98998.63,499089,435672,9835,84.0,2.5,75,60,True,True,True,True,False,False,False
SUP-094,Bogota Pack Ltda,LATAM,Colombia,Packaging Materials,"SKU-PM-1021, SKU-PM-1046, SKU-PM-1071, SKU-PM-1096, SKU-PM-1121, SKU-PM-1146, SKU-PM-1171, SKU-PM-1196, SKU-PM-1221, SKU-PM-1246, SKU-PM-1271, SKU-PM-1296, SKU-PM-1321, SKU-PM-1346, SKU-PM-1371, SKU-PM-1396, SKU-PM-1421",Tier-3,Medium,FSC;ISO9001,"Audit overdue; compliance review, Geopolitical tension flag, Labour strike risk, Political instability flag, Port closure risk, Regulatory audit pending, Regulatory enforcement pending, Tariff adjustment pending, Typhoon season disruption",SUP-101,2024-04-30,17,31.65,46,70.99,62.3,3.08,4.47,61.59,51,44.82,30,1121220.83,65954.17,577862,411607,17865,75.0,4.0,60,45,False,True,True,False,True,True,False
SUP-095,Cerromax Mineria,LATAM,Peru,Raw Materials,"SKU-RM-1016, SKU-RM-1037, SKU-RM-1058, SKU-RM-1079, SKU-RM-1100, SKU-RM-1121, SKU-RM-1142, SKU-RM-1163, SKU-RM-1184, SKU-RM-1205, SKU-RM-1226, SKU-RM-1247, SKU-RM-1268, SKU-RM-1289, SKU-RM-1310, SKU-RM-1331, SKU-RM-1352",Tier-3,High,ISO9001,"Audit overdue; compliance review, Political instability flag, Port closure risk, Port congestion risk, Regulatory audit pending, Regulatory enforcement pending, Seasonal flood risk, Tariff adjustment pending",SUP-010,2024-09-16,17,34.94,52,72.38,60.1,3.03,4.47,65.35,51,46.94,30,7195951.77,423291.28,636134,453886,20109,75.0,4.0,60,45,False,True,True,True,True,False,True
SUP-096,Lima Polymer SA,LATAM,Peru,Raw Materials,"SKU-RM-1017, SKU-RM-1038, SKU-RM-1059, SKU-RM-1080, SKU-RM-1101, SKU-RM-1122, SKU-RM-1143, SKU-RM-1164, SKU-RM-1185, SKU-RM-1206, SKU-RM-1227, SKU-RM-1248, SKU-RM-1269, SKU-RM-1290, SKU-RM-1311, SKU-RM-1332, SKU-RM-1353",Tier-3,High,ISO9001,"Audit overdue; compliance review, Currency volatility flag, Export license risk, Geopolitical tension flag, Labour strike risk, Port closure risk, Regulatory audit pending, Regulatory enforcement pending, Typhoon season disruption",SUP-109,2024-08-28,17,36.53,52,73.09,61.3,2.53,4.12,63.53,51,48.41,34,8457944.13,497526.13,678697,493116,16200,75.0,4.0,60,45,False,True,True,True,True,False,True
SUP-097,Amapola Fibras,LATAM,Chile,Industrial Textiles,"SKU-IT-1013, SKU-IT-1029, SKU-IT-1045, SKU-IT-1061, SKU-IT-1077, SKU-IT-1093, SKU-IT-1109, SKU-IT-1125, SKU-IT-1141, SKU-IT-1157, SKU-IT-1173, SKU-IT-1189, SKU-IT-1205, SKU-IT-1221, SKU-IT-1237, SKU-IT-1253, SKU-IT-1269",Tier-2,Medium,OEKO-TEX;ISO9001,"Audit overdue; compliance review, Geopolitical tension flag, Labour strike risk, Political instability flag, Regulatory audit pending, Regulatory enforcement pending, Tariff adjustment pending",SUP-094,2024-07-18,17,28.65,41,86.48,79.2,1.89,3.14,76.0,67,65.88,49,1840660.56,108274.15,497792,432284,8360,84.0,2.5,75,60,True,True,True,True,False,False,False
SUP-098,Cobre del Sur SA,LATAM,Chile,Specialty Alloys,"SKU-SA-1016, SKU-SA-1035, SKU-SA-1054, SKU-SA-1073, SKU-SA-1092, SKU-SA-1111, SKU-SA-1130, SKU-SA-1149, SKU-SA-1168, SKU-SA-1187, SKU-SA-1206, SKU-SA-1225, SKU-SA-1244, SKU-SA-1263, SKU-SA-1282, SKU-SA-1301, SKU-SA-1320",Tier-2,Medium,ISO9001,"Audit overdue; compliance review, Geopolitical tension flag, Port closure risk, Port congestion risk, Regulatory audit pending, Seasonal flood risk, Tariff adjustment pending",SUP-051,2024-09-23,17,28.76,42,88.46,79.8,1.76,3.05,80.24,67,63.76,48,6733948.91,396114.64,305408,268111,5173,84.0,2.5,75,60,True,True,True,True,False,False,False
SUP-099,Santiago Pack Corp,LATAM,Chile,Packaging Materials,"SKU-PM-1022, SKU-PM-1047, SKU-PM-1072, SKU-PM-1097, SKU-PM-1122, SKU-PM-1147, SKU-PM-1172, SKU-PM-1197, SKU-PM-1222, SKU-PM-1247, SKU-PM-1272, SKU-PM-1297, SKU-PM-1322, SKU-PM-1347, SKU-PM-1372, SKU-PM-1397, SKU-PM-1422",Tier-2,Medium,FSC;ISO9001,"Currency volatility flag, Export license risk, Geopolitical tension flag, Port congestion risk, Regulatory audit pending, Tariff adjustment pending",SUP-004,2024-09-24,17,24.94,41,85.99,80.0,1.7,2.98,80.35,67,59.71,48,959031.33,56413.61,461666,394952,7992,84.0,2.5,75,60,True,True,True,False,False,True,False
SUP-100,Orinoco Pack SAPI,LATAM,Venezuela,Packaging Materials,"SKU-PM-1023, SKU-PM-1048, SKU-PM-1073, SKU-PM-1098, SKU-PM-1123, SKU-PM-1148, SKU-PM-1173, SKU-PM-1198, SKU-PM-1223, SKU-PM-1248, SKU-PM-1273, SKU-PM-1298, SKU-PM-1323, SKU-PM-1348, SKU-PM-1373, SKU-PM-1398, SKU-PM-1423",Tier-3,High,ISO9001,"Audit overdue; compliance review, Currency volatility flag, Export license risk, Geopolitical tension flag, Labour strike risk, Political instability flag, Regulatory audit pending, Seasonal flood risk, Tariff adjustment pending, Typhoon season disruption",SUP-002,2024-09-21,17,36.88,52,72.35,61.1,2.8,4.37,62.59,50,49.65,30,1345067.87,79121.64,655560,477945,18693,75.0,4.0,60,45,False,True,True,True,True,False,True
SUP-101,Quetzal Textiles,LATAM,Guatemala,Industrial Textiles,"SKU-IT-1014, SKU-IT-1030, SKU-IT-1046, SKU-IT-1062, SKU-IT-1078, SKU-IT-1094, SKU-IT-1110, SKU-IT-1126, SKU-IT-1142, SKU-IT-1158, SKU-IT-1174, SKU-IT-1190, SKU-IT-1206, SKU-IT-1222, SKU-IT-1238, SKU-IT-1254, SKU-IT-1270",Tier-3,High,ISO9001,"Audit overdue; compliance review, Currency volatility flag, Export license risk, Labour strike risk, Political instability flag, Port congestion risk, Regulatory enforcement pending, Seasonal flood risk, Typhoon season disruption",SUP-076,2024-08-03,17,35.06,52,75.19,60.1,2.76,4.5,61.76,51,41.18,30,2193532.56,129031.33,589084,446120,15812,75.0,4.0,60,45,True,True,True,False,True,True,True
SUP-102,Crestline Chemical Supply,,USA,Raw Materials,"SKU-RM-1018, SKU-RM-1039, SKU-RM-1060, SKU-RM-1081, SKU-RM-1102, SKU-RM-1123, SKU-RM-1144, SKU-RM-1165, SKU-RM-1186, SKU-RM-1207, SKU-RM-1228, SKU-RM-1249, SKU-RM-1270, SKU-RM-1291, SKU-RM-1312, SKU-RM-1333, SKU-RM-1354",Tier-1,Low,ISO9001;ISO14001;OSHA,"Audit overdue; compliance review, Geopolitical tension flag, Seasonal flood risk",SUP-005,2024-09-23,17,29.94,42,93.68,88.6,0.93,1.69,91.53,81,84.29,71,1578038.84,92825.81,146494,136838,1258,93.0,0.99,90,80,True,True,True,True,False,False,False
SUP-103,Fenwick Alloy Solutions,,USA,Specialty Alloys,"SKU-SA-1017, SKU-SA-1036, SKU-SA-1055, SKU-SA-1074, SKU-SA-1093, SKU-SA-1112, SKU-SA-1131, SKU-SA-1150, SKU-SA-1169, SKU-SA-1188, SKU-SA-1207, SKU-SA-1226, SKU-SA-1245, SKU-SA-1264, SKU-SA-1283, SKU-SA-1302, SKU-SA-1321",Tier-1,Medium,ISO9001;NADCAP;AS9100,"Labour strike risk, Port congestion risk, Regulatory audit pending, Tariff adjustment pending",SUP-010,2024-09-18,17,27.12,42,93.97,89.7,0.96,1.73,88.59,80,81.76,70,2944011.89,173177.17,134654,125986,1306,93.0,0.99,90,80,True,True,False,True,False,False,False
SUP-104,Ridgecroft Textiles,,USA,Industrial Textiles,"SKU-IT-1015, SKU-IT-1031, SKU-IT-1047, SKU-IT-1063, SKU-IT-1079, SKU-IT-1095, SKU-IT-1111, SKU-IT-1127, SKU-IT-1143, SKU-IT-1159, SKU-IT-1175, SKU-IT-1191, SKU-IT-1207, SKU-IT-1223, SKU-IT-1239, SKU-IT-1255, SKU-IT-1271",Tier-1,Low,OEKO-TEX;ISO9001;OSHA,"Port closure risk, Port congestion risk, Seasonal flood risk, Tariff adjustment pending",SUP-099,2024-09-08,17,24.29,41,94.04,88.4,0.84,1.72,89.53,81,79.47,70,487220.36,28660.02,139704,131012,1016,93.0,0.99,90,80,True,True,False,False,False,True,False
SUP-105,Lakeshore Components,,USA,Mechanical Components,"SKU-MC-1017, SKU-MC-1036, SKU-MC-1055, SKU-MC-1074, SKU-MC-1093, SKU-MC-1112, SKU-MC-1131, SKU-MC-1150, SKU-MC-1169, SKU-MC-1188, SKU-MC-1207, SKU-MC-1226, SKU-MC-1245, SKU-MC-1264, SKU-MC-1283, SKU-MC-1302, SKU-MC-1321",Tier-1,Low,ISO9001;IATF16949;OSHA,"Geopolitical tension flag, Port congestion risk, Regulatory audit pending, Seasonal flood risk, Typhoon season disruption",SUP-076,2024-09-24,17,24.88,40,94.77,89.1,0.81,1.33,88.59,80,81.06,72,576320.3,33901.19,116701,110968,907,93.0,0.99,90,80,True,True,False,True,False,False,False
SUP-106,BlueMesa Polymers,,USA,Raw Materials,"SKU-RM-1019, SKU-RM-1040, SKU-RM-1061, SKU-RM-1082, SKU-RM-1103, SKU-RM-1124, SKU-RM-1145, SKU-RM-1166, SKU-RM-1187, SKU-RM-1208, SKU-RM-1229, SKU-RM-1250, SKU-RM-1271, SKU-RM-1292, SKU-RM-1313, SKU-RM-1334, SKU-RM-1355",Tier-1,Low,ISO9001;ISO14001;OSHA,"Geopolitical tension flag, Port closure risk, Seasonal flood risk",SUP-001,2024-09-25,17,23.94,41,93.82,88.1,0.93,1.73,88.88,80,83.82,70,1758414.87,103436.17,134486,127441,1425,93.0,0.99,90,80,True,True,False,True,False,False,False
SUP-107,Cascade Pack Corp,,USA,Packaging Materials,"SKU-PM-1024, SKU-PM-1049, SKU-PM-1074, SKU-PM-1099, SKU-PM-1124, SKU-PM-1149, SKU-PM-1174, SKU-PM-1199, SKU-PM-1224, SKU-PM-1249, SKU-PM-1274, SKU-PM-1299, SKU-PM-1324, SKU-PM-1349, SKU-PM-1374, SKU-PM-1399, SKU-PM-1424",Tier-1,Low,FSC;ISO14001;ISO9001,"Currency volatility flag, Geopolitical tension flag, Port closure risk, Port congestion risk, Regulatory audit pending, Regulatory enforcement pending, Tariff adjustment pending",SUP-070,2024-06-14,17,27.0,39,92.79,88.1,0.9,1.75,91.06,81,84.82,70,224798.27,13223.43,106994,98829,1101,93.0,0.99,90,80,False,True,True,True,False,False,False
SUP-108,Appalachian Alloys,,USA,Specialty Alloys,"SKU-SA-1018, SKU-SA-1037, SKU-SA-1056, SKU-SA-1075, SKU-SA-1094, SKU-SA-1113, SKU-SA-1132, SKU-SA-1151, SKU-SA-1170, SKU-SA-1189, SKU-SA-1208, SKU-SA-1227, SKU-SA-1246, SKU-SA-1265, SKU-SA-1284, SKU-SA-1303, SKU-SA-1322",Tier-2,Medium,ISO9001;NADCAP,"Audit overdue; compliance review, Export license risk, Geopolitical tension flag, Regulatory audit pending, Regulatory enforcement pending, Seasonal flood risk",SUP-026,2024-09-30,17,23.0,42,88.08,79.9,1.82,3.15,77.65,67,69.41,56,10062321.79,591901.28,453710,399428,8015,84.0,2.5,75,60,True,True,True,True,False,False,False
SUP-109,Gulf Coast Mech,,USA,Mechanical Components,"SKU-MC-1018, SKU-MC-1037, SKU-MC-1056, SKU-MC-1075, SKU-MC-1094, SKU-MC-1113, SKU-MC-1132, SKU-MC-1151, SKU-MC-1170, SKU-MC-1189, SKU-MC-1208, SKU-MC-1227, SKU-MC-1246, SKU-MC-1265, SKU-MC-1284, SKU-MC-1303, SKU-MC-1322",Tier-2,Low,ISO9001;IATF16949,"Currency volatility flag, Export license risk, Political instability flag, Seasonal flood risk, Tariff adjustment pending, Typhoon season disruption",SUP-006,2024-09-19,17,25.82,42,85.7,78.3,1.92,3.11,76.53,67,65.41,48,2815562.74,165621.34,550969,474683,10645,84.0,2.5,75,60,True,True,True,True,False,False,False
SUP-110,Texarkana Fiber Inc,,USA,Industrial Textiles,"SKU-IT-1016, SKU-IT-1032, SKU-IT-1048, SKU-IT-1064, SKU-IT-1080, SKU-IT-1096, SKU-IT-1112, SKU-IT-1128, SKU-IT-1144, SKU-IT-1160, SKU-IT-1176, SKU-IT-1192, SKU-IT-1208, SKU-IT-1224, SKU-IT-1240, SKU-IT-1256, SKU-IT-1272",Tier-2,Low,OEKO-TEX;ISO9001,"Currency volatility flag, Labour strike risk, Port congestion risk, Regulatory audit pending, Seasonal flood risk, Tariff adjustment pending",SUP-101,2024-09-11,17,26.12,39,85.45,78.6,1.81,2.86,78.29,69,62.71,53,1523184.03,89599.06,435813,372640,7487,84.0,2.5,75,60,True,True,True,True,False,False,False
SUP-111,Ohio Valley Electronics,,USA,Electronic Components,"SKU-EC-1016, SKU-EC-1032, SKU-EC-1048, SKU-EC-1064, SKU-EC-1080, SKU-EC-1096, SKU-EC-1112, SKU-EC-1128, SKU-EC-1144, SKU-EC-1160, SKU-EC-1176, SKU-EC-1192, SKU-EC-1208, SKU-EC-1224, SKU-EC-1240, SKU-EC-1256, SKU-EC-1272",Tier-2,Medium,ISO9001;RoHS,"Audit overdue; compliance review, Geopolitical tension flag, Regulatory audit pending, Seasonal flood risk",SUP-013,2024-09-05,17,27.71,42,87.06,79.2,1.86,3.19,78.88,69,71.41,49,2733841.93,160814.23,405973,350052,8597,84.0,2.5,75,60,True,True,True,True,False,False,False
SUP-112,Maplewood Polymer Corp,,Canada,Raw Materials,"SKU-RM-1020, SKU-RM-1041, SKU-RM-1062, SKU-RM-1083, SKU-RM-1104, SKU-RM-1125, SKU-RM-1146, SKU-RM-1167, SKU-RM-1188, SKU-RM-1209, SKU-RM-1230, SKU-RM-1251, SKU-RM-1272, SKU-RM-1293, SKU-RM-1314, SKU-RM-1335, SKU-RM-1356",Tier-1,Low,ISO9001;ISO14001;REACH,"Geopolitical tension flag, Port congestion risk, Regulatory audit pending, Tariff adjustment pending",SUP-011,2024-07-14,17,25.35,42,92.32,88.3,1.07,1.77,87.65,80,82.94,71,953228.38,56072.26,83102,77488,790,93.0,0.99,90,80,False,False,False,True,False,False,False
SUP-113,Pinnacle Resin Co,,Canada,Raw Materials,"SKU-RM-1021, SKU-RM-1042, SKU-RM-1063, SKU-RM-1084, SKU-RM-1105, SKU-RM-1126, SKU-RM-1147, SKU-RM-1168, SKU-RM-1189, SKU-RM-1210, SKU-RM-1231, SKU-RM-1252, SKU-RM-1273, SKU-RM-1294, SKU-RM-1315, SKU-RM-1336, SKU-RM-1357",Tier-2,Medium,ISO9001;REACH,"Currency volatility flag, Geopolitical tension flag, Port congestion risk, Seasonal flood risk, Typhoon season disruption",SUP-066,2024-09-16,17,24.76,42,83.96,78.4,1.49,2.83,82.71,73,66.0,49,5909011.05,347588.89,491169,411656,7462,84.0,2.5,75,60,False,True,True,True,False,False,False
SUP-114,Rockies Pack Inc,,Canada,Packaging Materials,"SKU-PM-1025, SKU-PM-1050, SKU-PM-1075, SKU-PM-1100, SKU-PM-1125, SKU-PM-1150, SKU-PM-1175, SKU-PM-1200, SKU-PM-1225, SKU-PM-1250, SKU-PM-1275, SKU-PM-1300, SKU-PM-1325, SKU-PM-1350, SKU-PM-1375, SKU-PM-1400, SKU-PM-1425",Tier-2,Medium,FSC;ISO9001,"Audit overdue; compliance review, Geopolitical tension flag, Port closure risk, Port congestion risk, Regulatory audit pending, Seasonal flood risk",SUP-078,2024-09-14,17,25.88,42,86.14,78.5,1.9,2.89,77.82,69,72.0,56,859435.88,50555.05,408457,353631,8683,84.0,2.5,75,60,True,True,True,True,False,False,False
SUP-115,Caribou Alloy Works,,Canada,Specialty Alloys,"SKU-SA-1019, SKU-SA-1038, SKU-SA-1057, SKU-SA-1076, SKU-SA-1095, SKU-SA-1114, SKU-SA-1133, SKU-SA-1152, SKU-SA-1171, SKU-SA-1190, SKU-SA-1209, SKU-SA-1228, SKU-SA-1247, SKU-SA-1266, SKU-SA-1285, SKU-SA-1304, SKU-SA-1323",Tier-2,Medium,ISO9001;NADCAP,"Currency volatility flag, Geopolitical tension flag, Labour strike risk, Port congestion risk, Regulatory audit pending, Seasonal flood risk, Tariff adjustment pending",SUP-095,2024-07-23,17,26.94,41,86.98,80.8,1.7,2.81,81.24,67,65.59,48,11752037.57,691296.33,478108,413617,8728,84.0,2.5,75,60,True,True,True,True,False,False,False
SUP-116,Prairie Mech Corp,,Canada,Mechanical Components,"SKU-MC-1019, SKU-MC-1038, SKU-MC-1057, SKU-MC-1076, SKU-MC-1095, SKU-MC-1114, SKU-MC-1133, SKU-MC-1152, SKU-MC-1171, SKU-MC-1190, SKU-MC-1209, SKU-MC-1228, SKU-MC-1247, SKU-MC-1266, SKU-MC-1285, SKU-MC-1304, SKU-MC-1323",Tier-2,Low,ISO9001;IATF16949,"Audit overdue; compliance review, Political instability flag, Port closure risk, Regulatory audit pending, Seasonal flood risk",SUP-027,2024-09-15,17,30.88,42,84.96,78.0,1.66,2.59,80.29,70,69.47,49,2153364.88,126668.52,404017,349738,6946,84.0,2.5,75,60,True,True,True,True,False,False,False
